step,episodes,curriculum,reward,success,lateral,speed,fuel,tilt,ep_len,approx_kl,policy_loss,value_loss,entropy,lr
2048,3,0.058099,38.1256,0,3.69286,0.652412,3351.4,6.30258,518.333,0.00613305,-0.00498086,39.3535,0.656614,0.0003
10240,19,0.102948,36.0348,0,3.69115,0.664479,3373.82,6.71076,535.053,0.00421321,-0.00153414,45.1267,0.666485,0.000294778
20480,38,0.155839,35.3219,0,3.74272,0.69527,3367.97,6.71438,534.763,0.00757892,0.000132714,27.863,0.675599,0.00028825
30720,57,0.208,45.8803,0.075,3.65122,0.714278,3358.76,6.55292,530.825,0.0100397,0.000649666,90.7873,0.668304,0.000281722
40960,76,0.260547,68.7582,0.225,3.39987,0.696039,3362.22,6.3808,528.5,0.0161414,-0.000974032,82.361,0.664626,0.000275194
51200,96,0.314217,92.1148,0.375,3.17157,0.67866,3374.26,6.42564,530.55,0.00458308,0.00133375,116.589,0.661029,0.000268666
61440,115,0.361575,107.614,0.475,3.02219,0.672335,3375.68,6.44954,531.575,0.0143612,0.00214565,133.913,0.653937,0.000262138
71680,134,0.409106,96.9027,0.4,3.13956,0.69116,3378.47,6.52179,532.625,0.00369783,-0.00219308,74.7219,0.65985,0.00025561
81920,154,0.457566,71.5207,0.225,3.42642,0.707142,3359.95,6.34843,525.475,0.00518712,-0.00111677,102.85,0.6597,0.000249082
92160,174,0.506587,102.194,0.425,3.21296,0.650726,3339.13,6.20295,519.9,0.00786986,0.00215592,87.5775,0.654579,0.000242554
102400,193,0.553134,140.338,0.675,2.76098,0.666221,3346.39,6.32508,522.35,0.0167822,0.00396385,86.6429,0.659767,0.000236026
112640,213,0.6018,166.679,0.85,2.20939,0.729131,3342.8,6.25939,523,0.00851074,0.00142085,28.3312,0.65285,0.000229498
122880,232,0.638941,166.962,0.85,2.1178,0.71098,3352.94,6.29498,526.35,0.0121434,0.00311779,101.043,0.659888,0.00022297
133120,252,0.677726,148.263,0.725,2.40007,0.695189,3345.21,6.15699,524.275,0.00786801,-0.000181821,155.971,0.649992,0.000216442
143360,271,0.7145,112.261,0.475,3.03573,0.733992,3336.37,6.04789,523.525,0.00471072,-0.00176824,120.518,0.65246,0.000209914
153600,291,0.753119,90.4357,0.325,3.63412,0.902158,3321.25,5.8773,522.75,0.00404629,-0.000730934,97.7255,0.652249,0.000203386
163840,311,0.791048,96.4052,0.375,3.75086,1.15952,3301.51,5.50937,516.7,0.0063284,-0.00274982,103.904,0.644475,0.000196858
174080,331,0.829622,84.453,0.3,4.32088,1.43408,3303.86,5.56534,516.4,0.00544957,-0.000430339,144.647,0.633513,0.00019033
184320,351,0.867507,99.7813,0.425,5.19914,1.61315,3291.72,5.67025,516.1,0.00725526,0.00193907,91.7066,0.633415,0.000183802
194560,371,0.904656,90.7356,0.375,5.2462,1.71371,3259.99,5.44678,506.475,0.00628755,0.00129824,42.3087,0.641141,0.000177274
204800,392,0.943178,50.7591,0.15,9.61725,2.60102,3237.97,5.64879,498.225,0.00584972,-0.000716094,23.4483,0.643698,0.000170746
215040,413,0.981496,45.2039,0.175,13.6853,4.42395,3189.55,5.79496,491.5,0.00751813,0.00106697,109.344,0.642132,0.000164218
225280,433,1,58.3248,0.225,10.2988,4.25586,3189.03,5.58405,495.625,0.0082804,-8.55861e-05,42.352,0.632592,0.00015769
235520,453,1,75.7255,0.325,9.87562,3.63044,3224.45,5.78385,504.775,0.00718454,-0.00205129,65.9549,0.639921,0.000151162
245760,474,1,87.3247,0.4,10.0374,3.46104,3228.61,5.8525,502.975,0.00549961,0.000287693,114.043,0.641036,0.000144634
256000,494,1,90.7266,0.4,9.08734,3.34726,3216.38,5.43962,500.8,0.00414784,-0.00325389,91.1497,0.633649,0.000138106
266240,514,1,93.8796,0.45,11.0733,3.97476,3236.96,5.75492,506.825,0.00832133,-0.00160382,142.716,0.644882,0.000131578
276480,534,1,95.0358,0.475,11.7588,4.26973,3253.23,6.1275,507.85,0.00413704,-0.00160687,75.0674,0.646968,0.00012505
286720,555,1,104.282,0.5,9.57873,3.52417,3235.3,5.86959,504.925,0.00465394,-0.00189901,135.677,0.644122,0.000118522
296960,575,1,117.266,0.6,10.5476,3.68385,3210.92,5.99311,499.675,0.00390724,-0.00179939,91.3602,0.644928,0.000111994
307200,596,1,108.468,0.55,11.1246,4.46903,3222.36,6.03688,500.7,0.00345354,-0.00094653,175.662,0.639769,0.000105466
317440,616,1,94.6681,0.475,13.1719,4.90394,3239.69,5.95019,507.5,0.00329476,-0.00118799,57.1209,0.644396,9.89376e-05
327680,636,1,108.877,0.55,10.8648,4.20453,3239.17,5.94041,508.075,0.00563565,-0.00359261,78.2783,0.634872,9.24096e-05
337920,656,1,107.863,0.525,9.23513,3.47773,3239.4,6.08415,507.7,0.0023953,-0.00245898,77.255,0.635741,8.58816e-05
348160,676,1,111.529,0.55,9.10084,3.3338,3250.49,5.74988,511.2,0.00547147,-0.00252229,41.9994,0.640234,7.93536e-05
358400,697,1,126.43,0.625,7.16299,3.14184,3229.97,5.68588,503.825,0.0065959,-0.0100837,57.9027,0.634894,7.28256e-05
368640,717,1,124.225,0.625,8.62075,3.5087,3205.84,5.7428,497.325,0.00574879,-0.000199226,302.52,0.635241,6.62976e-05
378880,737,1,127.596,0.65,9.24876,3.04692,3227.46,5.96902,502.4,0.00418108,-0.000819253,86.3849,0.631959,5.97696e-05
389120,758,1,102.208,0.525,12.6863,4.13056,3229.05,6.42472,500.625,0.00358611,-0.00188352,61.5636,0.630142,5.32416e-05
399360,778,1,109.207,0.55,11.4797,3.47997,3241.95,6.19271,506.225,0.00263818,-0.000381705,84.7281,0.629103,4.67136e-05
