variant,label,episode,seed,success,lateral,speed,tilt_deg,fuel_used,shield_clip
A_baseline,基线（无预测/无RL）,0,777,1,1.68238,0.327881,2.04079,3347.02,0
A_baseline,基线（无预测/无RL）,1,778,1,2.01533,0.770674,1.16443,3408.66,0
A_baseline,基线（无预测/无RL）,2,779,0,4.40119,1.33733,0.896787,3209.71,0
A_baseline,基线（无预测/无RL）,3,780,0,3.15439,1.5323,1.19913,3090.78,0
A_baseline,基线（无预测/无RL）,4,781,1,2.34617,0.957935,6.03413,3261.46,0
A_baseline,基线（无预测/无RL）,5,782,1,0.172892,0.687188,1.00621,3476.31,0
A_baseline,基线（无预测/无RL）,6,783,1,0.242816,0.254957,0.293655,3097.16,0
A_baseline,基线（无预测/无RL）,7,784,1,1.78874,0.326015,1.28555,3410.2,0
A_baseline,基线（无预测/无RL）,8,785,0,4.69479,1.58024,0.883287,3161.71,0
A_baseline,基线（无预测/无RL）,9,786,0,33.9848,13.0453,8,3289.2,1
A_baseline,基线（无预测/无RL）,10,787,0,0.988869,2.80286,0.628607,3121.47,0
A_baseline,基线（无预测/无RL）,11,788,1,0.99019,1.21042,0.65043,3061.86,0
A_baseline,基线（无预测/无RL）,12,789,1,0.42107,0.562779,0.830534,3467.92,0
A_baseline,基线（无预测/无RL）,13,790,0,4.48178,1.06055,1.77523,3349.18,0
A_baseline,基线（无预测/无RL）,14,791,0,44.0948,8.59125,8,3086.16,1
A_baseline,基线（无预测/无RL）,15,792,0,4.28432,1.50389,1.07257,3365.53,0
A_baseline,基线（无预测/无RL）,16,793,0,11.8728,4.50486,4.10669,2994.32,0
A_baseline,基线（无预测/无RL）,17,794,1,2.40301,1.50563,0.512946,3325.98,0
A_baseline,基线（无预测/无RL）,18,795,0,3.54581,1.38925,2.94748,3150.7,0
A_baseline,基线（无预测/无RL）,19,796,0,3.57041,2.32993,0.717349,3004.3,0
A_baseline,基线（无预测/无RL）,20,797,1,2.7599,0.844805,1.47474,3468.86,0
A_baseline,基线（无预测/无RL）,21,798,1,1.21304,1.55483,0.698838,3075.87,0
A_baseline,基线（无预测/无RL）,22,799,1,2.34479,0.287609,2.51402,3424.37,0
A_baseline,基线（无预测/无RL）,23,800,1,1.96653,0.771227,2.0113,3270.77,0
A_baseline,基线（无预测/无RL）,24,801,1,0.416818,0.468679,0.516456,3236.03,0
A_baseline,基线（无预测/无RL）,25,802,0,46.8466,16.1957,8,3112.52,1
A_baseline,基线（无预测/无RL）,26,803,0,3.27813,0.91004,1.43708,3219.89,0
A_baseline,基线（无预测/无RL）,27,804,0,2.25896,2.53183,0.923858,3256.16,0
A_baseline,基线（无预测/无RL）,28,805,1,1.43898,0.643678,2.04505,3375.81,0
A_baseline,基线（无预测/无RL）,29,806,1,2.79852,2.40552,0.610271,3079.52,0
A_baseline,基线（无预测/无RL）,30,807,0,37.0007,0.795666,8,3275.77,1
A_baseline,基线（无预测/无RL）,31,808,0,6.43942,2.10132,0.960055,3275.74,0
A_baseline,基线（无预测/无RL）,32,809,0,37.6389,0.656151,8,3145.64,1
A_baseline,基线（无预测/无RL）,33,810,0,4.16693,2.37241,2.00995,3192.74,0
A_baseline,基线（无预测/无RL）,34,811,0,47.9289,2.83531,8,3153.85,1
A_baseline,基线（无预测/无RL）,35,812,1,2.83658,0.890422,3.26772,3415.13,0
A_baseline,基线（无预测/无RL）,36,813,1,1.36102,0.520974,0.914166,3164.04,0
A_baseline,基线（无预测/无RL）,37,814,1,2.31569,0.875822,0.934839,3168.76,0
A_baseline,基线（无预测/无RL）,38,815,1,1.05057,0.77264,0.627848,3462.17,0
A_baseline,基线（无预测/无RL）,39,816,0,4.01632,0.663462,2.16681,3235.69,0
A_baseline,基线（无预测/无RL）,40,817,1,1.58997,0.369572,0.472133,3279.85,0
A_baseline,基线（无预测/无RL）,41,818,1,0.691441,0.557409,0.885873,3156.99,0
A_baseline,基线（无预测/无RL）,42,819,1,1.93039,0.692694,0.925814,3379.65,0
A_baseline,基线（无预测/无RL）,43,820,0,4.47922,1.83362,1.69077,3319.45,0
A_baseline,基线（无预测/无RL）,44,821,0,36.6001,1.9851,8,3278.37,1
A_baseline,基线（无预测/无RL）,45,822,0,3.56464,0.834277,4.10576,3495.67,0
A_baseline,基线（无预测/无RL）,46,823,0,3.8333,0.946163,0.459747,3196.98,0
A_baseline,基线（无预测/无RL）,47,824,0,5.29521,2.40154,1.53548,3124.66,0
A_baseline,基线（无预测/无RL）,48,825,1,0.815776,1.00298,0.940748,3130.56,0
A_baseline,基线（无预测/无RL）,49,826,0,4.69756,1.34463,1.14803,3058.23,0
A_baseline,基线（无预测/无RL）,50,827,0,16.0465,3.13094,8,3177.35,1
A_baseline,基线（无预测/无RL）,51,828,1,0.375373,0.55841,1.44766,3040.94,0
A_baseline,基线（无预测/无RL）,52,829,1,2.43197,0.966703,1.97536,3352.79,0
A_baseline,基线（无预测/无RL）,53,830,1,1.0045,0.778667,1.86361,3521.4,0
A_baseline,基线（无预测/无RL）,54,831,0,27.1994,5.60701,8,2901.89,1
A_baseline,基线（无预测/无RL）,55,832,0,10.4829,17.6767,8,3212.45,1
A_baseline,基线（无预测/无RL）,56,833,1,2.50658,0.733566,5.2752,3377.81,0
A_baseline,基线（无预测/无RL）,57,834,0,5.1905,1.72941,2.46161,3212.59,0
A_baseline,基线（无预测/无RL）,58,835,0,41.495,6.20806,8,3115.8,1
A_baseline,基线（无预测/无RL）,59,836,1,0.854716,0.407645,0.690643,3112.56,0
A_baseline,基线（无预测/无RL）,60,837,0,4.53282,0.817883,1.92853,3326.39,0
A_baseline,基线（无预测/无RL）,61,838,0,49.0909,5.92909,8,3367.35,1
A_baseline,基线（无预测/无RL）,62,839,0,10.0248,4.02389,5.00142,3136.12,0
A_baseline,基线（无预测/无RL）,63,840,0,49.6174,6.54912,8,3356.71,1
A_baseline,基线（无预测/无RL）,64,841,0,3.46995,1.49801,0.590227,3156.82,0
A_baseline,基线（无预测/无RL）,65,842,0,4.04209,1.10061,0.712658,3329.5,0
A_baseline,基线（无预测/无RL）,66,843,0,9.98056,24.1803,8.00154,2879.74,1
A_baseline,基线（无预测/无RL）,67,844,0,3.68392,0.783006,1.46291,3222.33,0
A_baseline,基线（无预测/无RL）,68,845,1,1.53899,0.608697,0.590114,3488.96,0
A_baseline,基线（无预测/无RL）,69,846,0,3.45998,1.45485,3.57337,3247.03,0
A_baseline,基线（无预测/无RL）,70,847,0,5.54681,1.77113,1.0817,2995.95,0
A_baseline,基线（无预测/无RL）,71,848,0,3.45609,2.31601,2.65267,2947.02,0
A_baseline,基线（无预测/无RL）,72,849,0,7.10246,1.98384,5.12219,3293.43,0
A_baseline,基线（无预测/无RL）,73,850,1,0.470389,0.644183,1.11726,3098.22,0
A_baseline,基线（无预测/无RL）,74,851,0,48.9925,8.42086,8,3088.64,1
A_baseline,基线（无预测/无RL）,75,852,0,3.79266,1.21637,0.824272,3441.48,0
A_baseline,基线（无预测/无RL）,76,853,1,2.86026,0.988674,2.83364,3417.83,0
A_baseline,基线（无预测/无RL）,77,854,0,32.3833,12.2684,8,2935.43,1
A_baseline,基线（无预测/无RL）,78,855,0,32.3366,1.16003,8,3462.92,1
A_baseline,基线（无预测/无RL）,79,856,1,1.26904,0.522425,0.913897,3116.86,0
A_baseline,基线（无预测/无RL）,80,857,1,0.656002,1.81076,0.287201,3131.55,0
A_baseline,基线（无预测/无RL）,81,858,0,44.6951,15.2173,8,3156.65,1
A_baseline,基线（无预测/无RL）,82,859,1,0.652136,0.621187,1.06021,3353.74,0
A_baseline,基线（无预测/无RL）,83,860,0,4.77837,2.7201,1.84761,3225.45,0
A_baseline,基线（无预测/无RL）,84,861,0,54.04,14.9962,8,3101.19,1
A_baseline,基线（无预测/无RL）,85,862,0,3.06846,1.13773,0.765532,3339.51,0
A_baseline,基线（无预测/无RL）,86,863,0,7.17916,2.49182,7.73023,3374.85,1
A_baseline,基线（无预测/无RL）,87,864,1,1.84573,0.675611,1.13043,3350.03,0
A_baseline,基线（无预测/无RL）,88,865,0,3.60776,1.10647,1.53557,3382.44,0
A_baseline,基线（无预测/无RL）,89,866,1,1.70943,1.54079,0.48495,3082.63,0
A_baseline,基线（无预测/无RL）,90,867,0,5.09468,1.4651,1.04859,3116.22,0
A_baseline,基线（无预测/无RL）,91,868,1,2.24785,0.361564,0.825006,3335.55,0
A_baseline,基线（无预测/无RL）,92,869,0,4.29162,2.96025,2.41715,2968.47,0
A_baseline,基线（无预测/无RL）,93,870,1,1.04121,1.34581,0.609389,3256.96,0
A_baseline,基线（无预测/无RL）,94,871,1,0.700278,2.14316,0.689563,3224.94,0
A_baseline,基线（无预测/无RL）,95,872,0,43.8484,8.74846,8,3404.44,1
A_baseline,基线（无预测/无RL）,96,873,0,47.6526,7.36595,8,3220.59,1
A_baseline,基线（无预测/无RL）,97,874,0,6.19082,1.85667,2.8256,3248.06,0
A_baseline,基线（无预测/无RL）,98,875,0,4.3798,1.63041,0.560432,3169.42,0
A_baseline,基线（无预测/无RL）,99,876,1,2.55342,1.19203,1.65719,3212.08,0
A_baseline,基线（无预测/无RL）,100,877,1,1.24151,0.395514,0.382641,3103.74,0
A_baseline,基线（无预测/无RL）,101,878,0,6.83575,1.3996,4.72213,3225.79,0
A_baseline,基线（无预测/无RL）,102,879,1,1.73817,0.619712,1.19687,3571.54,0
A_baseline,基线（无预测/无RL）,103,880,1,0.527233,0.57523,1.13008,3158.35,0
A_baseline,基线（无预测/无RL）,104,881,1,0.851344,1.34653,0.91985,3191.52,0
A_baseline,基线（无预测/无RL）,105,882,0,5.47451,0.672281,5.17533,3314.59,0
A_baseline,基线（无预测/无RL）,106,883,1,2.62155,1.04151,1.79764,3336.32,0
A_baseline,基线（无预测/无RL）,107,884,1,2.20246,0.642612,1.06948,3544.77,0
A_baseline,基线（无预测/无RL）,108,885,0,51.886,12.6938,8,3100.36,1
A_baseline,基线（无预测/无RL）,109,886,0,7.1081,2.6786,1.82622,3072.3,0
A_baseline,基线（无预测/无RL）,110,887,0,57.3178,4.82304,8,3195.3,1
A_baseline,基线（无预测/无RL）,111,888,0,3.63952,1.20113,1.28038,3105.53,0
A_baseline,基线（无预测/无RL）,112,889,1,0.686692,0.5262,0.761409,3205.93,0
A_baseline,基线（无预测/无RL）,113,890,1,1.68086,0.615677,1.0754,3182.05,0
A_baseline,基线（无预测/无RL）,114,891,0,48.5511,15.4849,8,3056.41,1
A_baseline,基线（无预测/无RL）,115,892,1,1.44368,0.608779,0.601888,3163.14,0
A_baseline,基线（无预测/无RL）,116,893,1,1.90961,0.895404,0.729341,3348.83,0
A_baseline,基线（无预测/无RL）,117,894,1,0.910077,0.341394,1.4926,3303.46,0
A_baseline,基线（无预测/无RL）,118,895,0,3.57739,2.79666,0.930445,3160.47,0
A_baseline,基线（无预测/无RL）,119,896,1,2.91103,1.18436,1.99162,3477.06,0
A_baseline,基线（无预测/无RL）,120,897,1,2.82665,0.996305,1.56508,3396.54,0
A_baseline,基线（无预测/无RL）,121,898,0,65.0636,9.5247,8,3379.62,1
A_baseline,基线（无预测/无RL）,122,899,0,7.91599,0.481394,3.46154,3461.95,1
A_baseline,基线（无预测/无RL）,123,900,1,0.926834,0.494004,0.898338,3474.14,0
A_baseline,基线（无预测/无RL）,124,901,0,30.4319,0.785562,8,3146.45,1
A_baseline,基线（无预测/无RL）,125,902,1,1.06982,0.725582,1.49423,3403.06,0
A_baseline,基线（无预测/无RL）,126,903,1,0.765871,0.691242,1.1782,3389.04,0
A_baseline,基线（无预测/无RL）,127,904,1,0.279797,0.611521,0.534331,3274.98,0
A_baseline,基线（无预测/无RL）,128,905,0,50.273,9.16307,8,3158.58,1
A_baseline,基线（无预测/无RL）,129,906,0,49.5049,10.8374,8,3334.14,1
A_baseline,基线（无预测/无RL）,130,907,0,3.20441,1.63479,1.01828,3178.44,0
A_baseline,基线（无预测/无RL）,131,908,0,3.43737,1.44964,2.22726,3433.14,0
A_baseline,基线（无预测/无RL）,132,909,0,3.38315,1.14212,2.6298,3229.05,0
A_baseline,基线（无预测/无RL）,133,910,1,0.639167,0.667773,0.780729,3205.03,0
A_baseline,基线（无预测/无RL）,134,911,0,3.49702,1.49908,1.21559,3182.71,0
A_baseline,基线（无预测/无RL）,135,912,0,8.28557,24.0055,8.00115,3069.7,1
A_baseline,基线（无预测/无RL）,136,913,1,1.56987,1.19454,0.460361,2980.86,0
A_baseline,基线（无预测/无RL）,137,914,0,22.5893,0.900506,8,3050.75,1
A_baseline,基线（无预测/无RL）,138,915,1,0.960909,1.02968,0.595512,3205.5,0
A_baseline,基线（无预测/无RL）,139,916,1,1.05906,0.683428,0.826568,3504.7,0
A_baseline,基线（无预测/无RL）,140,917,1,0.462337,0.38253,1.01215,3167.88,0
A_baseline,基线（无预测/无RL）,141,918,1,1.0047,0.709407,1.06572,3462.44,0
A_baseline,基线（无预测/无RL）,142,919,0,46.0765,4.54062,8,3321.35,1
A_baseline,基线（无预测/无RL）,143,920,0,5.03518,1.89322,2.29859,3356.5,0
A_baseline,基线（无预测/无RL）,144,921,1,0.956687,0.52372,0.417088,3176.55,0
A_baseline,基线（无预测/无RL）,145,922,0,4.1918,2.20097,0.524242,3118.23,0
A_baseline,基线（无预测/无RL）,146,923,0,11.8524,19.4844,8,3140.9,1
A_baseline,基线（无预测/无RL）,147,924,0,63.5412,9.31432,8,3183.49,1
A_baseline,基线（无预测/无RL）,148,925,0,26.0288,2.15536,8,3283.32,1
A_baseline,基线（无预测/无RL）,149,926,0,4.07936,1.43632,3.66949,3158.49,0
A_baseline,基线（无预测/无RL）,150,927,0,52.7647,9.40133,8,3075.3,1
A_baseline,基线（无预测/无RL）,151,928,0,3.48813,0.889555,2.35737,3284.83,0
A_baseline,基线（无预测/无RL）,152,929,1,1.00967,1.69877,0.557305,3161.81,0
A_baseline,基线（无预测/无RL）,153,930,0,6.30873,3.0526,1.38982,2988.76,0
A_baseline,基线（无预测/无RL）,154,931,1,1.2883,0.630564,1.18485,3220.1,0
A_baseline,基线（无预测/无RL）,155,932,0,43.2426,3.77413,8,3308.25,1
A_baseline,基线（无预测/无RL）,156,933,1,0.468712,0.588422,1.31111,3203.2,0
A_baseline,基线（无预测/无RL）,157,934,1,2.58679,0.426211,2.02675,3371.64,0
A_baseline,基线（无预测/无RL）,158,935,1,0.795679,0.349601,0.673574,3182.49,0
A_baseline,基线（无预测/无RL）,159,936,1,0.268398,1.95681,0.546423,3235.51,0
A_baseline,基线（无预测/无RL）,160,937,1,1.90318,0.763449,2.74737,3441.32,0
A_baseline,基线（无预测/无RL）,161,938,0,36.1088,2.57252,8,3290.06,1
A_baseline,基线（无预测/无RL）,162,939,0,31.127,1.69616,8,3309.61,1
A_baseline,基线（无预测/无RL）,163,940,0,3.12111,1.26775,1.4199,3254.47,0
A_baseline,基线（无预测/无RL）,164,941,0,5.04419,1.69235,2.91305,3416.84,0
A_baseline,基线（无预测/无RL）,165,942,1,1.03587,0.603416,1.00284,3325.67,0
A_baseline,基线（无预测/无RL）,166,943,0,42.1795,6.79533,7.99999,3104.19,1
A_baseline,基线（无预测/无RL）,167,944,1,1.86588,0.553998,1.25711,3390.64,0
A_baseline,基线（无预测/无RL）,168,945,0,4.76378,1.43536,1.49068,3242.67,0
A_baseline,基线（无预测/无RL）,169,946,1,2.55283,1.18842,0.880536,3051.2,0
A_baseline,基线（无预测/无RL）,170,947,1,1.89417,0.4389,1.49418,3339.29,0
A_baseline,基线（无预测/无RL）,171,948,0,10.256,3.99823,5.56011,3139.08,1
A_baseline,基线（无预测/无RL）,172,949,0,3.51432,1.14389,0.814235,3289.71,0
A_baseline,基线（无预测/无RL）,173,950,0,3.11613,1.04433,2.34443,3271.92,0
A_baseline,基线（无预测/无RL）,174,951,0,6.45998,3.53589,3.26709,3295.59,0
A_baseline,基线（无预测/无RL）,175,952,1,0.491141,1.56981,0.582414,3160.24,0
A_baseline,基线（无预测/无RL）,176,953,1,0.165412,0.99194,0.379364,3172.04,0
A_baseline,基线（无预测/无RL）,177,954,0,5.43544,2.14428,2.08064,3251.64,0
A_baseline,基线（无预测/无RL）,178,955,1,0.373868,0.316428,0.800681,3284.63,0
A_baseline,基线（无预测/无RL）,179,956,0,3.31232,0.833133,0.788615,3103.73,0
A_baseline,基线（无预测/无RL）,180,957,1,2.50795,1.33675,0.939194,3326.88,0
A_baseline,基线（无预测/无RL）,181,958,1,1.82356,0.531891,0.413422,3174.26,0
A_baseline,基线（无预测/无RL）,182,959,0,5.07209,0.983706,3.56327,3287.35,0
A_baseline,基线（无预测/无RL）,183,960,1,0.394541,0.574851,1.52442,3487.53,0
A_baseline,基线（无预测/无RL）,184,961,0,3.31579,2.22989,2.2402,2954.8,0
A_baseline,基线（无预测/无RL）,185,962,1,0.52532,0.291271,0.436394,3127.1,0
A_baseline,基线（无预测/无RL）,186,963,1,1.56435,0.510705,1.65098,3421.45,0
A_baseline,基线（无预测/无RL）,187,964,1,1.56487,0.800754,2.87246,3134.79,0
A_baseline,基线（无预测/无RL）,188,965,1,1.0433,0.593866,2.45277,3236.41,0
A_baseline,基线（无预测/无RL）,189,966,0,3.30138,0.954124,2.0809,3212.73,0
A_baseline,基线（无预测/无RL）,190,967,1,1.49228,0.621686,2.44101,3181.36,0
A_baseline,基线（无预测/无RL）,191,968,1,2.65367,1.04561,1.30688,3296.33,0
A_baseline,基线（无预测/无RL）,192,969,0,52.3443,8.32664,8,3104.29,1
A_baseline,基线（无预测/无RL）,193,970,0,56.9367,12.2082,8,3134.27,1
A_baseline,基线（无预测/无RL）,194,971,1,0.560997,0.517326,0.727076,3407.53,0
A_baseline,基线（无预测/无RL）,195,972,0,53.3457,8.36535,8,3096.04,1
A_baseline,基线（无预测/无RL）,196,973,0,3.13618,1.00683,3.75642,3426.49,0
A_baseline,基线（无预测/无RL）,197,974,1,2.89108,2.21673,0.622647,3212.72,0
A_baseline,基线（无预测/无RL）,198,975,0,3.16013,0.739535,2.17582,3398.54,0
A_baseline,基线（无预测/无RL）,199,976,0,5.23789,1.19106,3.38397,3406.12,0
B_baseline_pred,基线 + 预测感知前馈,0,777,1,1.68238,0.327881,2.04079,3347.02,0
B_baseline_pred,基线 + 预测感知前馈,1,778,1,2.01533,0.770674,1.16443,3408.66,0
B_baseline_pred,基线 + 预测感知前馈,2,779,0,4.40119,1.33733,0.896787,3209.71,0
B_baseline_pred,基线 + 预测感知前馈,3,780,0,3.15439,1.5323,1.19913,3090.78,0
B_baseline_pred,基线 + 预测感知前馈,4,781,1,2.34617,0.957935,6.03413,3261.46,0
B_baseline_pred,基线 + 预测感知前馈,5,782,1,0.172892,0.687188,1.00621,3476.31,0
B_baseline_pred,基线 + 预测感知前馈,6,783,1,0.242816,0.254957,0.293655,3097.16,0
B_baseline_pred,基线 + 预测感知前馈,7,784,1,1.78874,0.326015,1.28555,3410.2,0
B_baseline_pred,基线 + 预测感知前馈,8,785,0,4.69479,1.58024,0.883287,3161.71,0
B_baseline_pred,基线 + 预测感知前馈,9,786,0,33.9848,13.0453,8,3289.2,1
B_baseline_pred,基线 + 预测感知前馈,10,787,0,0.988869,2.80286,0.628607,3121.47,0
B_baseline_pred,基线 + 预测感知前馈,11,788,1,0.99019,1.21042,0.65043,3061.86,0
B_baseline_pred,基线 + 预测感知前馈,12,789,1,0.42107,0.562779,0.830534,3467.92,0
B_baseline_pred,基线 + 预测感知前馈,13,790,0,4.48178,1.06055,1.77523,3349.18,0
B_baseline_pred,基线 + 预测感知前馈,14,791,0,44.0948,8.59125,8,3086.16,1
B_baseline_pred,基线 + 预测感知前馈,15,792,0,4.28432,1.50389,1.07257,3365.53,0
B_baseline_pred,基线 + 预测感知前馈,16,793,0,11.8728,4.50486,4.10669,2994.32,0
B_baseline_pred,基线 + 预测感知前馈,17,794,1,2.40301,1.50563,0.512946,3325.98,0
B_baseline_pred,基线 + 预测感知前馈,18,795,0,3.54581,1.38925,2.94748,3150.7,0
B_baseline_pred,基线 + 预测感知前馈,19,796,0,3.57041,2.32993,0.717349,3004.3,0
B_baseline_pred,基线 + 预测感知前馈,20,797,1,2.7599,0.844805,1.47474,3468.86,0
B_baseline_pred,基线 + 预测感知前馈,21,798,1,1.21304,1.55483,0.698838,3075.87,0
B_baseline_pred,基线 + 预测感知前馈,22,799,1,2.34479,0.287609,2.51402,3424.37,0
B_baseline_pred,基线 + 预测感知前馈,23,800,1,1.96653,0.771227,2.0113,3270.77,0
B_baseline_pred,基线 + 预测感知前馈,24,801,1,0.416818,0.468679,0.516456,3236.03,0
B_baseline_pred,基线 + 预测感知前馈,25,802,0,46.8466,16.1957,8,3112.52,1
B_baseline_pred,基线 + 预测感知前馈,26,803,0,3.27813,0.91004,1.43708,3219.89,0
B_baseline_pred,基线 + 预测感知前馈,27,804,0,2.25896,2.53183,0.923858,3256.16,0
B_baseline_pred,基线 + 预测感知前馈,28,805,1,1.43898,0.643678,2.04505,3375.81,0
B_baseline_pred,基线 + 预测感知前馈,29,806,1,2.79852,2.40552,0.610271,3079.52,0
B_baseline_pred,基线 + 预测感知前馈,30,807,0,37.0007,0.795666,8,3275.77,1
B_baseline_pred,基线 + 预测感知前馈,31,808,0,6.43942,2.10132,0.960055,3275.74,0
B_baseline_pred,基线 + 预测感知前馈,32,809,0,37.6389,0.656151,8,3145.64,1
B_baseline_pred,基线 + 预测感知前馈,33,810,0,4.16693,2.37241,2.00995,3192.74,0
B_baseline_pred,基线 + 预测感知前馈,34,811,0,47.9289,2.83531,8,3153.85,1
B_baseline_pred,基线 + 预测感知前馈,35,812,1,2.83658,0.890422,3.26772,3415.13,0
B_baseline_pred,基线 + 预测感知前馈,36,813,1,1.36102,0.520974,0.914166,3164.04,0
B_baseline_pred,基线 + 预测感知前馈,37,814,1,2.31569,0.875822,0.934839,3168.76,0
B_baseline_pred,基线 + 预测感知前馈,38,815,1,1.05057,0.77264,0.627848,3462.17,0
B_baseline_pred,基线 + 预测感知前馈,39,816,0,4.01632,0.663462,2.16681,3235.69,0
B_baseline_pred,基线 + 预测感知前馈,40,817,1,1.58997,0.369572,0.472133,3279.85,0
B_baseline_pred,基线 + 预测感知前馈,41,818,1,0.691441,0.557409,0.885873,3156.99,0
B_baseline_pred,基线 + 预测感知前馈,42,819,1,1.93039,0.692694,0.925814,3379.65,0
B_baseline_pred,基线 + 预测感知前馈,43,820,0,4.47922,1.83362,1.69077,3319.45,0
B_baseline_pred,基线 + 预测感知前馈,44,821,0,36.6001,1.9851,8,3278.37,1
B_baseline_pred,基线 + 预测感知前馈,45,822,0,3.56464,0.834277,4.10576,3495.67,0
B_baseline_pred,基线 + 预测感知前馈,46,823,0,3.8333,0.946163,0.459747,3196.98,0
B_baseline_pred,基线 + 预测感知前馈,47,824,0,5.29521,2.40154,1.53548,3124.66,0
B_baseline_pred,基线 + 预测感知前馈,48,825,1,0.815776,1.00298,0.940748,3130.56,0
B_baseline_pred,基线 + 预测感知前馈,49,826,0,4.69756,1.34463,1.14803,3058.23,0
B_baseline_pred,基线 + 预测感知前馈,50,827,0,16.0465,3.13094,8,3177.35,1
B_baseline_pred,基线 + 预测感知前馈,51,828,1,0.375373,0.55841,1.44766,3040.94,0
B_baseline_pred,基线 + 预测感知前馈,52,829,1,2.43197,0.966703,1.97536,3352.79,0
B_baseline_pred,基线 + 预测感知前馈,53,830,1,1.0045,0.778667,1.86361,3521.4,0
B_baseline_pred,基线 + 预测感知前馈,54,831,0,27.1994,5.60701,8,2901.89,1
B_baseline_pred,基线 + 预测感知前馈,55,832,0,10.4829,17.6767,8,3212.45,1
B_baseline_pred,基线 + 预测感知前馈,56,833,1,2.50658,0.733566,5.2752,3377.81,0
B_baseline_pred,基线 + 预测感知前馈,57,834,0,5.1905,1.72941,2.46161,3212.59,0
B_baseline_pred,基线 + 预测感知前馈,58,835,0,41.495,6.20806,8,3115.8,1
B_baseline_pred,基线 + 预测感知前馈,59,836,1,0.854716,0.407645,0.690643,3112.56,0
B_baseline_pred,基线 + 预测感知前馈,60,837,0,4.53282,0.817883,1.92853,3326.39,0
B_baseline_pred,基线 + 预测感知前馈,61,838,0,49.0909,5.92909,8,3367.35,1
B_baseline_pred,基线 + 预测感知前馈,62,839,0,10.0248,4.02389,5.00142,3136.12,0
B_baseline_pred,基线 + 预测感知前馈,63,840,0,49.6174,6.54912,8,3356.71,1
B_baseline_pred,基线 + 预测感知前馈,64,841,0,3.46995,1.49801,0.590227,3156.82,0
B_baseline_pred,基线 + 预测感知前馈,65,842,0,4.04209,1.10061,0.712658,3329.5,0
B_baseline_pred,基线 + 预测感知前馈,66,843,0,9.98056,24.1803,8.00154,2879.74,1
B_baseline_pred,基线 + 预测感知前馈,67,844,0,3.68392,0.783006,1.46291,3222.33,0
B_baseline_pred,基线 + 预测感知前馈,68,845,1,1.53899,0.608697,0.590114,3488.96,0
B_baseline_pred,基线 + 预测感知前馈,69,846,0,3.45998,1.45485,3.57337,3247.03,0
B_baseline_pred,基线 + 预测感知前馈,70,847,0,5.54681,1.77113,1.0817,2995.95,0
B_baseline_pred,基线 + 预测感知前馈,71,848,0,3.45609,2.31601,2.65267,2947.02,0
B_baseline_pred,基线 + 预测感知前馈,72,849,0,7.10246,1.98384,5.12219,3293.43,0
B_baseline_pred,基线 + 预测感知前馈,73,850,1,0.470389,0.644183,1.11726,3098.22,0
B_baseline_pred,基线 + 预测感知前馈,74,851,0,48.9925,8.42086,8,3088.64,1
B_baseline_pred,基线 + 预测感知前馈,75,852,0,3.79266,1.21637,0.824272,3441.48,0
B_baseline_pred,基线 + 预测感知前馈,76,853,1,2.86026,0.988674,2.83364,3417.83,0
B_baseline_pred,基线 + 预测感知前馈,77,854,0,32.3833,12.2684,8,2935.43,1
B_baseline_pred,基线 + 预测感知前馈,78,855,0,32.3366,1.16003,8,3462.92,1
B_baseline_pred,基线 + 预测感知前馈,79,856,1,1.26904,0.522425,0.913897,3116.86,0
B_baseline_pred,基线 + 预测感知前馈,80,857,1,0.656002,1.81076,0.287201,3131.55,0
B_baseline_pred,基线 + 预测感知前馈,81,858,0,44.6951,15.2173,8,3156.65,1
B_baseline_pred,基线 + 预测感知前馈,82,859,1,0.652136,0.621187,1.06021,3353.74,0
B_baseline_pred,基线 + 预测感知前馈,83,860,0,4.77837,2.7201,1.84761,3225.45,0
B_baseline_pred,基线 + 预测感知前馈,84,861,0,54.04,14.9962,8,3101.19,1
B_baseline_pred,基线 + 预测感知前馈,85,862,0,3.06846,1.13773,0.765532,3339.51,0
B_baseline_pred,基线 + 预测感知前馈,86,863,0,7.17916,2.49182,7.73023,3374.85,1
B_baseline_pred,基线 + 预测感知前馈,87,864,1,1.84573,0.675611,1.13043,3350.03,0
B_baseline_pred,基线 + 预测感知前馈,88,865,0,3.60776,1.10647,1.53557,3382.44,0
B_baseline_pred,基线 + 预测感知前馈,89,866,1,1.70943,1.54079,0.48495,3082.63,0
B_baseline_pred,基线 + 预测感知前馈,90,867,0,5.09468,1.4651,1.04859,3116.22,0
B_baseline_pred,基线 + 预测感知前馈,91,868,1,2.24785,0.361564,0.825006,3335.55,0
B_baseline_pred,基线 + 预测感知前馈,92,869,0,4.29162,2.96025,2.41715,2968.47,0
B_baseline_pred,基线 + 预测感知前馈,93,870,1,1.04121,1.34581,0.609389,3256.96,0
B_baseline_pred,基线 + 预测感知前馈,94,871,1,0.700278,2.14316,0.689563,3224.94,0
B_baseline_pred,基线 + 预测感知前馈,95,872,0,43.8484,8.74846,8,3404.44,1
B_baseline_pred,基线 + 预测感知前馈,96,873,0,47.6526,7.36595,8,3220.59,1
B_baseline_pred,基线 + 预测感知前馈,97,874,0,6.19082,1.85667,2.8256,3248.06,0
B_baseline_pred,基线 + 预测感知前馈,98,875,0,4.3798,1.63041,0.560432,3169.42,0
B_baseline_pred,基线 + 预测感知前馈,99,876,1,2.55342,1.19203,1.65719,3212.08,0
B_baseline_pred,基线 + 预测感知前馈,100,877,1,1.24151,0.395514,0.382641,3103.74,0
B_baseline_pred,基线 + 预测感知前馈,101,878,0,6.83575,1.3996,4.72213,3225.79,0
B_baseline_pred,基线 + 预测感知前馈,102,879,1,1.73817,0.619712,1.19687,3571.54,0
B_baseline_pred,基线 + 预测感知前馈,103,880,1,0.527233,0.57523,1.13008,3158.35,0
B_baseline_pred,基线 + 预测感知前馈,104,881,1,0.851344,1.34653,0.91985,3191.52,0
B_baseline_pred,基线 + 预测感知前馈,105,882,0,5.47451,0.672281,5.17533,3314.59,0
B_baseline_pred,基线 + 预测感知前馈,106,883,1,2.62155,1.04151,1.79764,3336.32,0
B_baseline_pred,基线 + 预测感知前馈,107,884,1,2.20246,0.642612,1.06948,3544.77,0
B_baseline_pred,基线 + 预测感知前馈,108,885,0,51.886,12.6938,8,3100.36,1
B_baseline_pred,基线 + 预测感知前馈,109,886,0,7.1081,2.6786,1.82622,3072.3,0
B_baseline_pred,基线 + 预测感知前馈,110,887,0,57.3178,4.82304,8,3195.3,1
B_baseline_pred,基线 + 预测感知前馈,111,888,0,3.63952,1.20113,1.28038,3105.53,0
B_baseline_pred,基线 + 预测感知前馈,112,889,1,0.686692,0.5262,0.761409,3205.93,0
B_baseline_pred,基线 + 预测感知前馈,113,890,1,1.68086,0.615677,1.0754,3182.05,0
B_baseline_pred,基线 + 预测感知前馈,114,891,0,48.5511,15.4849,8,3056.41,1
B_baseline_pred,基线 + 预测感知前馈,115,892,1,1.44368,0.608779,0.601888,3163.14,0
B_baseline_pred,基线 + 预测感知前馈,116,893,1,1.90961,0.895404,0.729341,3348.83,0
B_baseline_pred,基线 + 预测感知前馈,117,894,1,0.910077,0.341394,1.4926,3303.46,0
B_baseline_pred,基线 + 预测感知前馈,118,895,0,3.57739,2.79666,0.930445,3160.47,0
B_baseline_pred,基线 + 预测感知前馈,119,896,1,2.91103,1.18436,1.99162,3477.06,0
B_baseline_pred,基线 + 预测感知前馈,120,897,1,2.82665,0.996305,1.56508,3396.54,0
B_baseline_pred,基线 + 预测感知前馈,121,898,0,65.0636,9.5247,8,3379.62,1
B_baseline_pred,基线 + 预测感知前馈,122,899,0,7.91599,0.481394,3.46154,3461.95,1
B_baseline_pred,基线 + 预测感知前馈,123,900,1,0.926834,0.494004,0.898338,3474.14,0
B_baseline_pred,基线 + 预测感知前馈,124,901,0,30.4319,0.785562,8,3146.45,1
B_baseline_pred,基线 + 预测感知前馈,125,902,1,1.06982,0.725582,1.49423,3403.06,0
B_baseline_pred,基线 + 预测感知前馈,126,903,1,0.765871,0.691242,1.1782,3389.04,0
B_baseline_pred,基线 + 预测感知前馈,127,904,1,0.279797,0.611521,0.534331,3274.98,0
B_baseline_pred,基线 + 预测感知前馈,128,905,0,50.273,9.16307,8,3158.58,1
B_baseline_pred,基线 + 预测感知前馈,129,906,0,49.5049,10.8374,8,3334.14,1
B_baseline_pred,基线 + 预测感知前馈,130,907,0,3.20441,1.63479,1.01828,3178.44,0
B_baseline_pred,基线 + 预测感知前馈,131,908,0,3.43737,1.44964,2.22726,3433.14,0
B_baseline_pred,基线 + 预测感知前馈,132,909,0,3.38315,1.14212,2.6298,3229.05,0
B_baseline_pred,基线 + 预测感知前馈,133,910,1,0.639167,0.667773,0.780729,3205.03,0
B_baseline_pred,基线 + 预测感知前馈,134,911,0,3.49702,1.49908,1.21559,3182.71,0
B_baseline_pred,基线 + 预测感知前馈,135,912,0,8.28557,24.0055,8.00115,3069.7,1
B_baseline_pred,基线 + 预测感知前馈,136,913,1,1.56987,1.19454,0.460361,2980.86,0
B_baseline_pred,基线 + 预测感知前馈,137,914,0,22.5893,0.900506,8,3050.75,1
B_baseline_pred,基线 + 预测感知前馈,138,915,1,0.960909,1.02968,0.595512,3205.5,0
B_baseline_pred,基线 + 预测感知前馈,139,916,1,1.05906,0.683428,0.826568,3504.7,0
B_baseline_pred,基线 + 预测感知前馈,140,917,1,0.462337,0.38253,1.01215,3167.88,0
B_baseline_pred,基线 + 预测感知前馈,141,918,1,1.0047,0.709407,1.06572,3462.44,0
B_baseline_pred,基线 + 预测感知前馈,142,919,0,46.0765,4.54062,8,3321.35,1
B_baseline_pred,基线 + 预测感知前馈,143,920,0,5.03518,1.89322,2.29859,3356.5,0
B_baseline_pred,基线 + 预测感知前馈,144,921,1,0.956687,0.52372,0.417088,3176.55,0
B_baseline_pred,基线 + 预测感知前馈,145,922,0,4.1918,2.20097,0.524242,3118.23,0
B_baseline_pred,基线 + 预测感知前馈,146,923,0,11.8524,19.4844,8,3140.9,1
B_baseline_pred,基线 + 预测感知前馈,147,924,0,63.5412,9.31432,8,3183.49,1
B_baseline_pred,基线 + 预测感知前馈,148,925,0,26.0288,2.15536,8,3283.32,1
B_baseline_pred,基线 + 预测感知前馈,149,926,0,4.07936,1.43632,3.66949,3158.49,0
B_baseline_pred,基线 + 预测感知前馈,150,927,0,52.7647,9.40133,8,3075.3,1
B_baseline_pred,基线 + 预测感知前馈,151,928,0,3.48813,0.889555,2.35737,3284.83,0
B_baseline_pred,基线 + 预测感知前馈,152,929,1,1.00967,1.69877,0.557305,3161.81,0
B_baseline_pred,基线 + 预测感知前馈,153,930,0,6.30873,3.0526,1.38982,2988.76,0
B_baseline_pred,基线 + 预测感知前馈,154,931,1,1.2883,0.630564,1.18485,3220.1,0
B_baseline_pred,基线 + 预测感知前馈,155,932,0,43.2426,3.77413,8,3308.25,1
B_baseline_pred,基线 + 预测感知前馈,156,933,1,0.468712,0.588422,1.31111,3203.2,0
B_baseline_pred,基线 + 预测感知前馈,157,934,1,2.58679,0.426211,2.02675,3371.64,0
B_baseline_pred,基线 + 预测感知前馈,158,935,1,0.795679,0.349601,0.673574,3182.49,0
B_baseline_pred,基线 + 预测感知前馈,159,936,1,0.268398,1.95681,0.546423,3235.51,0
B_baseline_pred,基线 + 预测感知前馈,160,937,1,1.90318,0.763449,2.74737,3441.32,0
B_baseline_pred,基线 + 预测感知前馈,161,938,0,36.1088,2.57252,8,3290.06,1
B_baseline_pred,基线 + 预测感知前馈,162,939,0,31.127,1.69616,8,3309.61,1
B_baseline_pred,基线 + 预测感知前馈,163,940,0,3.12111,1.26775,1.4199,3254.47,0
B_baseline_pred,基线 + 预测感知前馈,164,941,0,5.04419,1.69235,2.91305,3416.84,0
B_baseline_pred,基线 + 预测感知前馈,165,942,1,1.03587,0.603416,1.00284,3325.67,0
B_baseline_pred,基线 + 预测感知前馈,166,943,0,42.1795,6.79533,7.99999,3104.19,1
B_baseline_pred,基线 + 预测感知前馈,167,944,1,1.86588,0.553998,1.25711,3390.64,0
B_baseline_pred,基线 + 预测感知前馈,168,945,0,4.76378,1.43536,1.49068,3242.67,0
B_baseline_pred,基线 + 预测感知前馈,169,946,1,2.55283,1.18842,0.880536,3051.2,0
B_baseline_pred,基线 + 预测感知前馈,170,947,1,1.89417,0.4389,1.49418,3339.29,0
B_baseline_pred,基线 + 预测感知前馈,171,948,0,10.256,3.99823,5.56011,3139.08,1
B_baseline_pred,基线 + 预测感知前馈,172,949,0,3.51432,1.14389,0.814235,3289.71,0
B_baseline_pred,基线 + 预测感知前馈,173,950,0,3.11613,1.04433,2.34443,3271.92,0
B_baseline_pred,基线 + 预测感知前馈,174,951,0,6.45998,3.53589,3.26709,3295.59,0
B_baseline_pred,基线 + 预测感知前馈,175,952,1,0.491141,1.56981,0.582414,3160.24,0
B_baseline_pred,基线 + 预测感知前馈,176,953,1,0.165412,0.99194,0.379364,3172.04,0
B_baseline_pred,基线 + 预测感知前馈,177,954,0,5.43544,2.14428,2.08064,3251.64,0
B_baseline_pred,基线 + 预测感知前馈,178,955,1,0.373868,0.316428,0.800681,3284.63,0
B_baseline_pred,基线 + 预测感知前馈,179,956,0,3.31232,0.833133,0.788615,3103.73,0
B_baseline_pred,基线 + 预测感知前馈,180,957,1,2.50795,1.33675,0.939194,3326.88,0
B_baseline_pred,基线 + 预测感知前馈,181,958,1,1.82356,0.531891,0.413422,3174.26,0
B_baseline_pred,基线 + 预测感知前馈,182,959,0,5.07209,0.983706,3.56327,3287.35,0
B_baseline_pred,基线 + 预测感知前馈,183,960,1,0.394541,0.574851,1.52442,3487.53,0
B_baseline_pred,基线 + 预测感知前馈,184,961,0,3.31579,2.22989,2.2402,2954.8,0
B_baseline_pred,基线 + 预测感知前馈,185,962,1,0.52532,0.291271,0.436394,3127.1,0
B_baseline_pred,基线 + 预测感知前馈,186,963,1,1.56435,0.510705,1.65098,3421.45,0
B_baseline_pred,基线 + 预测感知前馈,187,964,1,1.56487,0.800754,2.87246,3134.79,0
B_baseline_pred,基线 + 预测感知前馈,188,965,1,1.0433,0.593866,2.45277,3236.41,0
B_baseline_pred,基线 + 预测感知前馈,189,966,0,3.30138,0.954124,2.0809,3212.73,0
B_baseline_pred,基线 + 预测感知前馈,190,967,1,1.49228,0.621686,2.44101,3181.36,0
B_baseline_pred,基线 + 预测感知前馈,191,968,1,2.65367,1.04561,1.30688,3296.33,0
B_baseline_pred,基线 + 预测感知前馈,192,969,0,52.3443,8.32664,8,3104.29,1
B_baseline_pred,基线 + 预测感知前馈,193,970,0,56.9367,12.2082,8,3134.27,1
B_baseline_pred,基线 + 预测感知前馈,194,971,1,0.560997,0.517326,0.727076,3407.53,0
B_baseline_pred,基线 + 预测感知前馈,195,972,0,53.3457,8.36535,8,3096.04,1
B_baseline_pred,基线 + 预测感知前馈,196,973,0,3.13618,1.00683,3.75642,3426.49,0
B_baseline_pred,基线 + 预测感知前馈,197,974,1,2.89108,2.21673,0.622647,3212.72,0
B_baseline_pred,基线 + 预测感知前馈,198,975,0,3.16013,0.739535,2.17582,3398.54,0
B_baseline_pred,基线 + 预测感知前馈,199,976,0,5.23789,1.19106,3.38397,3406.12,0
C_residual_only,基线 + 残差RL（无预测）,0,777,1,1.17757,0.257389,2.42246,3354.41,0
C_residual_only,基线 + 残差RL（无预测）,1,778,1,1.81134,0.810723,1.13853,3411.99,0
C_residual_only,基线 + 残差RL（无预测）,2,779,0,3.32243,1.30182,0.502137,3192.17,0
C_residual_only,基线 + 残差RL（无预测）,3,780,1,2.29306,2.09901,1.48039,3080.06,0
C_residual_only,基线 + 残差RL（无预测）,4,781,1,2.82198,0.938465,2.3203,3261.08,0
C_residual_only,基线 + 残差RL（无预测）,5,782,1,0.203563,0.683156,1.35881,3472.09,0
C_residual_only,基线 + 残差RL（无预测）,6,783,1,0.142616,0.329533,0.707737,3110.48,0
C_residual_only,基线 + 残差RL（无预测）,7,784,1,1.18922,0.644539,0.688287,3433.58,0
C_residual_only,基线 + 残差RL（无预测）,8,785,0,3.69583,1.28754,0.66156,3181.48,0
C_residual_only,基线 + 残差RL（无预测）,9,786,0,32.4435,13.3262,8,3288.66,1
C_residual_only,基线 + 残差RL（无预测）,10,787,1,0.628331,2.28117,0.411894,3129.11,0
C_residual_only,基线 + 残差RL（无预测）,11,788,1,0.592832,0.413008,0.482083,3103.94,0
C_residual_only,基线 + 残差RL（无预测）,12,789,1,0.437498,0.673708,0.748395,3484.89,0
C_residual_only,基线 + 残差RL（无预测）,13,790,0,3.93747,1.18609,4.72423,3318.94,0
C_residual_only,基线 + 残差RL（无预测）,14,791,0,46.3523,8.25123,8,3123.97,1
C_residual_only,基线 + 残差RL（无预测）,15,792,0,3.12873,1.10267,3.18104,3445.1,0
C_residual_only,基线 + 残差RL（无预测）,16,793,0,9.86787,3.74332,2.50729,3003.45,0
C_residual_only,基线 + 残差RL（无预测）,17,794,1,1.69156,0.543402,0.59658,3358.96,0
C_residual_only,基线 + 残差RL（无预测）,18,795,1,2.9843,1.16304,4.86716,3157.23,0
C_residual_only,基线 + 残差RL（无预测）,19,796,1,2.69434,1.72775,0.639872,3019.46,0
C_residual_only,基线 + 残差RL（无预测）,20,797,1,2.71221,0.786706,3.10808,3486.86,0
C_residual_only,基线 + 残差RL（无预测）,21,798,1,1.03729,0.375183,0.762694,3115.13,0
C_residual_only,基线 + 残差RL（无预测）,22,799,1,1.84264,0.632044,1.18203,3471.97,0
C_residual_only,基线 + 残差RL（无预测）,23,800,1,1.40496,0.783597,0.898098,3289.06,0
C_residual_only,基线 + 残差RL（无预测）,24,801,1,0.65667,0.598803,0.533623,3256.82,0
C_residual_only,基线 + 残差RL（无预测）,25,802,0,46.5976,16.7541,8,3109.68,1
C_residual_only,基线 + 残差RL（无预测）,26,803,1,2.10788,0.978273,2.28781,3258.67,0
C_residual_only,基线 + 残差RL（无预测）,27,804,1,1.8519,1.75133,0.531499,3278.86,0
C_residual_only,基线 + 残差RL（无预测）,28,805,1,1.29378,0.59629,2.79413,3370.96,0
C_residual_only,基线 + 残差RL（无预测）,29,806,0,2.12347,2.77889,0.481316,3072.99,0
C_residual_only,基线 + 残差RL（无预测）,30,807,0,37.2775,0.673983,8,3273.54,1
C_residual_only,基线 + 残差RL（无预测）,31,808,0,6.15157,2.34412,0.839907,3259.04,0
C_residual_only,基线 + 残差RL（无预测）,32,809,0,35.6053,0.696303,8,3129.98,1
C_residual_only,基线 + 残差RL（无预测）,33,810,0,4.05447,1.6802,1.43138,3209.84,0
C_residual_only,基线 + 残差RL（无预测）,34,811,0,47.6103,2.97607,8,3154,1
C_residual_only,基线 + 残差RL（无预测）,35,812,1,1.67071,0.938198,5.47928,3428.29,0
C_residual_only,基线 + 残差RL（无预测）,36,813,1,0.498327,0.584014,0.805199,3175.7,0
C_residual_only,基线 + 残差RL（无预测）,37,814,1,2.69533,1.72989,0.424474,3142.42,0
C_residual_only,基线 + 残差RL（无预测）,38,815,1,1.19115,0.735201,0.609968,3478.08,0
C_residual_only,基线 + 残差RL（无预测）,39,816,0,3.45455,0.613062,2.00613,3234.51,0
C_residual_only,基线 + 残差RL（无预测）,40,817,1,0.2721,0.567617,1.74129,3328.14,0
C_residual_only,基线 + 残差RL（无预测）,41,818,1,0.532559,0.45525,0.845419,3155.77,0
C_residual_only,基线 + 残差RL（无预测）,42,819,1,1.33997,0.732501,0.720751,3429.7,0
C_residual_only,基线 + 残差RL（无预测）,43,820,0,3.87405,1.4458,0.380268,3329.33,0
C_residual_only,基线 + 残差RL（无预测）,44,821,0,36.9652,2.03013,8,3287.76,1
C_residual_only,基线 + 残差RL（无预测）,45,822,0,3.69298,0.707502,1.42966,3508.13,0
C_residual_only,基线 + 残差RL（无预测）,46,823,1,2.4042,1.06932,0.665032,3225.59,0
C_residual_only,基线 + 残差RL（无预测）,47,824,0,4.31969,1.8119,2.77362,3134.8,0
C_residual_only,基线 + 残差RL（无预测）,48,825,1,0.63138,0.387971,0.609885,3167.51,0
C_residual_only,基线 + 残差RL（无预测）,49,826,0,4.10725,1.19802,0.964561,3075.6,0
C_residual_only,基线 + 残差RL（无预测）,50,827,0,15.5361,3.02877,7.99548,3179.49,1
C_residual_only,基线 + 残差RL（无预测）,51,828,1,0.319269,0.450306,0.726859,2999.52,0
C_residual_only,基线 + 残差RL（无预测）,52,829,1,2.14318,0.63887,1.78054,3389.3,0
C_residual_only,基线 + 残差RL（无预测）,53,830,1,1.27517,0.669212,1.25314,3509.74,0
C_residual_only,基线 + 残差RL（无预测）,54,831,0,27.98,5.37731,8,2912.28,1
C_residual_only,基线 + 残差RL（无预测）,55,832,0,11.4335,17.8122,8,3212.2,1
C_residual_only,基线 + 残差RL（无预测）,56,833,1,2.96439,0.804383,2.27735,3363.9,0
C_residual_only,基线 + 残差RL（无预测）,57,834,0,4.53452,1.46634,3.7527,3235.96,0
C_residual_only,基线 + 残差RL（无预测）,58,835,0,44.4205,5.88843,8,3148.95,1
C_residual_only,基线 + 残差RL（无预测）,59,836,1,0.759161,0.310969,0.613409,3120.83,0
C_residual_only,基线 + 残差RL（无预测）,60,837,0,4.81766,0.676635,2.14312,3316.37,0
C_residual_only,基线 + 残差RL（无预测）,61,838,0,47.8335,6.87056,8,3339.55,1
C_residual_only,基线 + 残差RL（无预测）,62,839,0,9.48262,3.49643,5.08896,3160.64,1
C_residual_only,基线 + 残差RL（无预测）,63,840,0,45.5904,7.13576,8,3329.99,1
C_residual_only,基线 + 残差RL（无预测）,64,841,1,2.81799,0.9927,0.962605,3187.08,0
C_residual_only,基线 + 残差RL（无预测）,65,842,0,3.56742,1.23878,0.660692,3309.94,0
C_residual_only,基线 + 残差RL（无预测）,66,843,0,9.2161,24.3693,8.0015,2889.52,1
C_residual_only,基线 + 残差RL（无预测）,67,844,0,3.20087,1.03338,1.57283,3252.6,0
C_residual_only,基线 + 残差RL（无预测）,68,845,1,1.37544,0.532642,0.797812,3516.27,0
C_residual_only,基线 + 残差RL（无预测）,69,846,0,5.58834,1.74227,3.5903,3223.66,0
C_residual_only,基线 + 残差RL（无预测）,70,847,0,5.94119,2.1603,1.13528,2981.29,0
C_residual_only,基线 + 残差RL（无预测）,71,848,1,2.34576,1.09865,1.76444,2982.55,0
C_residual_only,基线 + 残差RL（无预测）,72,849,0,7.06321,1.74303,5.75107,3269.76,0
C_residual_only,基线 + 残差RL（无预测）,73,850,1,0.265018,0.420104,0.367271,3105.26,0
C_residual_only,基线 + 残差RL（无预测）,74,851,0,50.7934,8.30676,8,3103.08,1
C_residual_only,基线 + 残差RL（无预测）,75,852,0,3.20836,0.875386,0.639615,3426.71,0
C_residual_only,基线 + 残差RL（无预测）,76,853,1,2.17296,0.746627,4.20032,3415.49,0
C_residual_only,基线 + 残差RL（无预测）,77,854,0,32.0118,12.5091,8,2936.48,1
C_residual_only,基线 + 残差RL（无预测）,78,855,0,33.7451,1.12108,8,3472.31,1
C_residual_only,基线 + 残差RL（无预测）,79,856,1,0.989052,1.39156,0.286903,3088.55,0
C_residual_only,基线 + 残差RL（无预测）,80,857,1,0.665643,1.68087,0.362323,3139.65,0
C_residual_only,基线 + 残差RL（无预测）,81,858,0,53.0097,14.6719,8,3206.21,1
C_residual_only,基线 + 残差RL（无预测）,82,859,1,0.273358,0.620344,1.99075,3372.58,0
C_residual_only,基线 + 残差RL（无预测）,83,860,0,4.69292,2.16274,1.68846,3248.07,0
C_residual_only,基线 + 残差RL（无预测）,84,861,0,53.2011,14.9251,8,3112.81,1
C_residual_only,基线 + 残差RL（无预测）,85,862,1,1.99814,0.935425,1.85827,3351.65,0
C_residual_only,基线 + 残差RL（无预测）,86,863,0,8.77769,3.30708,5.93179,3334.41,1
C_residual_only,基线 + 残差RL（无预测）,87,864,1,2.04156,0.702212,1.8643,3323.09,0
C_residual_only,基线 + 残差RL（无预测）,88,865,1,2.46994,1.00561,3.08244,3403.22,0
C_residual_only,基线 + 残差RL（无预测）,89,866,1,1.81587,0.739903,0.220519,3104.04,0
C_residual_only,基线 + 残差RL（无预测）,90,867,0,5.01347,1.47571,1.46003,3092.61,0
C_residual_only,基线 + 残差RL（无预测）,91,868,1,1.6854,0.39519,1.00955,3345.47,0
C_residual_only,基线 + 残差RL（无预测）,92,869,0,3.625,2.07412,3.02371,2987.4,0
C_residual_only,基线 + 残差RL（无预测）,93,870,1,1.4677,1.27734,0.664187,3259.71,0
C_residual_only,基线 + 残差RL（无预测）,94,871,1,1.13551,1.59293,0.479115,3233.36,0
C_residual_only,基线 + 残差RL（无预测）,95,872,0,40.1013,9.51888,8,3371.32,1
C_residual_only,基线 + 残差RL（无预测）,96,873,0,49.2762,7.61728,8,3233.47,1
C_residual_only,基线 + 残差RL（无预测）,97,874,0,4.8658,1.62879,2.13091,3259.2,0
C_residual_only,基线 + 残差RL（无预测）,98,875,1,2.82858,1.08689,1.60798,3216.18,0
C_residual_only,基线 + 残差RL（无预测）,99,876,1,2.39902,0.972297,1.77998,3215,0
C_residual_only,基线 + 残差RL（无预测）,100,877,1,0.75549,0.445134,0.499906,3082.09,0
C_residual_only,基线 + 残差RL（无预测）,101,878,0,7.05271,1.17464,6.15448,3239.05,0
C_residual_only,基线 + 残差RL（无预测）,102,879,1,1.20905,0.71975,1.25731,3562.75,0
C_residual_only,基线 + 残差RL（无预测）,103,880,1,0.498531,0.327144,0.928031,3142.99,0
C_residual_only,基线 + 残差RL（无预测）,104,881,1,0.655818,0.593528,0.440857,3209.95,0
C_residual_only,基线 + 残差RL（无预测）,105,882,0,4.71336,0.934263,4.81263,3327.25,0
C_residual_only,基线 + 残差RL（无预测）,106,883,1,2.56415,0.921049,0.722114,3308.17,0
C_residual_only,基线 + 残差RL（无预测）,107,884,1,1.85705,0.614618,1.81645,3528.9,0
C_residual_only,基线 + 残差RL（无预测）,108,885,0,45.9408,13.377,8,3064.92,1
C_residual_only,基线 + 残差RL（无预测）,109,886,0,6.25488,2.21733,1.62889,3083.13,0
C_residual_only,基线 + 残差RL（无预测）,110,887,0,54.9444,5.26868,8,3180.36,1
C_residual_only,基线 + 残差RL（无预测）,111,888,0,3.51309,1.10187,0.601361,3091.41,0
C_residual_only,基线 + 残差RL（无预测）,112,889,1,0.381704,0.710105,1.94211,3233.63,0
C_residual_only,基线 + 残差RL（无预测）,113,890,1,0.964847,0.524194,1.11882,3209.81,0
C_residual_only,基线 + 残差RL（无预测）,114,891,0,51.4874,15.1461,8,3083.71,1
C_residual_only,基线 + 残差RL（无预测）,115,892,1,1.01254,0.810098,1.17366,3184.64,0
C_residual_only,基线 + 残差RL（无预测）,116,893,1,0.199889,0.735315,2.07833,3404.88,0
C_residual_only,基线 + 残差RL（无预测）,117,894,1,0.901996,0.387183,1.27592,3303.02,0
C_residual_only,基线 + 残差RL（无预测）,118,895,0,3.24605,2.12173,1.25778,3173.87,0
C_residual_only,基线 + 残差RL（无预测）,119,896,1,1.46847,0.963859,1.42955,3555.54,0
C_residual_only,基线 + 残差RL（无预测）,120,897,1,1.89092,0.687654,2.75431,3376.36,0
C_residual_only,基线 + 残差RL（无预测）,121,898,0,66.2849,9.40539,8,3398.05,1
C_residual_only,基线 + 残差RL（无预测）,122,899,0,6.6643,0.441451,3.20863,3447.31,0
C_residual_only,基线 + 残差RL（无预测）,123,900,1,0.36602,0.42978,0.516763,3462.56,0
C_residual_only,基线 + 残差RL（无预测）,124,901,0,31.6222,0.854527,8,3162.9,1
C_residual_only,基线 + 残差RL（无预测）,125,902,1,0.637721,0.706648,0.614143,3423.1,0
C_residual_only,基线 + 残差RL（无预测）,126,903,1,0.556836,0.334113,0.474591,3331.8,0
C_residual_only,基线 + 残差RL（无预测）,127,904,1,0.984727,0.804722,0.588816,3214.94,0
C_residual_only,基线 + 残差RL（无预测）,128,905,0,47.6607,9.47647,8,3151.59,1
C_residual_only,基线 + 残差RL（无预测）,129,906,0,54.6454,10.5043,8,3377.88,1
C_residual_only,基线 + 残差RL（无预测）,130,907,1,2.40776,0.989528,1.01548,3238.15,0
C_residual_only,基线 + 残差RL（无预测）,131,908,0,3.0662,1.23077,1.50354,3398.82,0
C_residual_only,基线 + 残差RL（无预测）,132,909,1,2.15635,1.06203,2.6153,3281.72,0
C_residual_only,基线 + 残差RL（无预测）,133,910,1,0.403871,0.666019,0.492384,3189.61,0
C_residual_only,基线 + 残差RL（无预测）,134,911,0,3.34739,1.72787,0.695861,3171.3,0
C_residual_only,基线 + 残差RL（无预测）,135,912,0,4.18117,24.0018,8.00077,3087.2,1
C_residual_only,基线 + 残差RL（无预测）,136,913,1,1.97667,0.707046,0.51237,2994.89,0
C_residual_only,基线 + 残差RL（无预测）,137,914,0,22.7167,1.12704,8,3081.89,1
C_residual_only,基线 + 残差RL（无预测）,138,915,1,0.844415,0.663168,0.971625,3276.59,0
C_residual_only,基线 + 残差RL（无预测）,139,916,1,0.87791,0.456315,1.0738,3478.89,0
C_residual_only,基线 + 残差RL（无预测）,140,917,1,1.09385,0.654355,1.55381,3195.88,0
C_residual_only,基线 + 残差RL（无预测）,141,918,1,1.15574,0.628686,1.40389,3470.91,0
C_residual_only,基线 + 残差RL（无预测）,142,919,0,45.8521,4.75091,8,3327.71,1
C_residual_only,基线 + 残差RL（无预测）,143,920,0,5.72836,1.95286,2.61396,3326.68,0
C_residual_only,基线 + 残差RL（无预测）,144,921,1,0.33024,0.836955,1.92055,3197.64,0
C_residual_only,基线 + 残差RL（无预测）,145,922,1,2.79145,1.42386,1.44373,3147.17,0
C_residual_only,基线 + 残差RL（无预测）,146,923,0,18.2789,18.9142,8,3177.87,1
C_residual_only,基线 + 残差RL（无预测）,147,924,0,61.1449,9.84538,8,3174.07,1
C_residual_only,基线 + 残差RL（无预测）,148,925,0,25.644,2.37262,7.99999,3280.63,1
C_residual_only,基线 + 残差RL（无预测）,149,926,0,3.53456,1.08387,3.44243,3198.07,0
C_residual_only,基线 + 残差RL（无预测）,150,927,0,58.8158,8.3636,8,3146.35,1
C_residual_only,基线 + 残差RL（无预测）,151,928,0,3.33941,0.790066,4.17956,3286.44,0
C_residual_only,基线 + 残差RL（无预测）,152,929,1,0.710911,2.00412,0.348788,3154.15,0
C_residual_only,基线 + 残差RL（无预测）,153,930,0,6.39441,1.98998,1.779,3007.83,0
C_residual_only,基线 + 残差RL（无预测）,154,931,1,1.36569,0.534708,1.11789,3240,0
C_residual_only,基线 + 残差RL（无预测）,155,932,0,43.893,3.81849,8,3324.31,1
C_residual_only,基线 + 残差RL（无预测）,156,933,1,0.469693,0.409504,1.47177,3194.18,0
C_residual_only,基线 + 残差RL（无预测）,157,934,1,2.10915,0.661579,1.60789,3388.48,0
C_residual_only,基线 + 残差RL（无预测）,158,935,1,0.972041,0.583538,0.925064,3163.87,0
C_residual_only,基线 + 残差RL（无预测）,159,936,0,0.641636,2.54977,0.872969,3229.86,0
C_residual_only,基线 + 残差RL（无预测）,160,937,1,1.71437,0.69821,1.96358,3453.72,0
C_residual_only,基线 + 残差RL（无预测）,161,938,0,37.58,2.66464,8,3306.9,1
C_residual_only,基线 + 残差RL（无预测）,162,939,0,31.6565,1.82768,8,3323.61,1
C_residual_only,基线 + 残差RL（无预测）,163,940,0,3.02468,1.33193,1.15146,3247.47,0
C_residual_only,基线 + 残差RL（无预测）,164,941,0,4.3341,1.67342,4.21508,3439.85,0
C_residual_only,基线 + 残差RL（无预测）,165,942,1,0.888661,0.333583,0.75479,3307.21,0
C_residual_only,基线 + 残差RL（无预测）,166,943,0,43.1628,6.69923,8,3119.48,1
C_residual_only,基线 + 残差RL（无预测）,167,944,1,1.35626,0.672603,1.5643,3423.03,0
C_residual_only,基线 + 残差RL（无预测）,168,945,0,5.00149,1.59563,2.22817,3232.05,0
C_residual_only,基线 + 残差RL（无预测）,169,946,1,2.2838,0.99326,1.30098,3118,0
C_residual_only,基线 + 残差RL（无预测）,170,947,1,1.62163,0.661192,0.558999,3357.01,0
C_residual_only,基线 + 残差RL（无预测）,171,948,0,9.39101,3.49228,6.38775,3144.3,1
C_residual_only,基线 + 残差RL（无预测）,172,949,0,3.86408,1.17806,1.23563,3272.9,0
C_residual_only,基线 + 残差RL（无预测）,173,950,1,2.62547,1.00655,1.85924,3256.85,0
C_residual_only,基线 + 残差RL（无预测）,174,951,0,6.08011,2.69662,4.31402,3308.91,0
C_residual_only,基线 + 残差RL（无预测）,175,952,1,0.617815,0.381821,0.899352,3200.73,0
C_residual_only,基线 + 残差RL（无预测）,176,953,1,0.653357,0.971181,0.943775,3184.2,0
C_residual_only,基线 + 残差RL（无预测）,177,954,0,3.81169,1.9516,1.1579,3256.52,0
C_residual_only,基线 + 残差RL（无预测）,178,955,1,0.328033,0.357915,1.09874,3279.48,0
C_residual_only,基线 + 残差RL（无预测）,179,956,1,2.43323,0.802205,0.536064,3083.7,0
C_residual_only,基线 + 残差RL（无预测）,180,957,1,2.2098,0.896161,0.366776,3336.85,0
C_residual_only,基线 + 残差RL（无预测）,181,958,1,2.02854,0.757863,1.31146,3207.57,0
C_residual_only,基线 + 残差RL（无预测）,182,959,0,3.66703,0.920882,2.84706,3298.78,0
C_residual_only,基线 + 残差RL（无预测）,183,960,1,0.340161,0.617343,0.681917,3509.95,0
C_residual_only,基线 + 残差RL（无预测）,184,961,0,3.16959,2.29889,3.09046,2954.35,0
C_residual_only,基线 + 残差RL（无预测）,185,962,1,0.190763,0.644163,1.19793,3196.92,0
C_residual_only,基线 + 残差RL（无预测）,186,963,1,1.54584,0.667305,2.17328,3434.87,0
C_residual_only,基线 + 残差RL（无预测）,187,964,1,0.695276,0.711728,3.64387,3145.94,0
C_residual_only,基线 + 残差RL（无预测）,188,965,1,1.02054,0.296374,1.07125,3207.1,0
C_residual_only,基线 + 残差RL（无预测）,189,966,1,2.68136,0.721241,3.99662,3210.36,0
C_residual_only,基线 + 残差RL（无预测）,190,967,1,1.33089,0.860543,2.13472,3211.4,0
C_residual_only,基线 + 残差RL（无预测）,191,968,0,3.56755,1.14611,2.04849,3271.1,0
C_residual_only,基线 + 残差RL（无预测）,192,969,0,52.2642,8.23167,8,3121.25,1
C_residual_only,基线 + 残差RL（无预测）,193,970,0,61.9373,11.9153,8,3173.87,1
C_residual_only,基线 + 残差RL（无预测）,194,971,1,0.477145,0.552366,1.48897,3389.25,0
C_residual_only,基线 + 残差RL（无预测）,195,972,0,52.8635,8.45439,8,3099.54,1
C_residual_only,基线 + 残差RL（无预测）,196,973,1,2.38237,0.88215,4.61438,3424.24,0
C_residual_only,基线 + 残差RL（无预测）,197,974,1,2.11062,1.27567,0.531079,3229.29,0
C_residual_only,基线 + 残差RL（无预测）,198,975,1,1.42112,0.742299,1.17023,3402.16,0
C_residual_only,基线 + 残差RL（无预测）,199,976,0,3.92454,1.27249,1.91923,3395.7,0
D_full,本发明（预测感知 + 残差RL）,0,777,1,1.18067,0.283684,2.40419,3353.7,0
D_full,本发明（预测感知 + 残差RL）,1,778,1,1.60297,0.608974,0.486727,3435.05,0
D_full,本发明（预测感知 + 残差RL）,2,779,0,3.68472,1.53231,0.33686,3184.93,0
D_full,本发明（预测感知 + 残差RL）,3,780,1,1.51107,1.2505,2.0916,3096.41,0
D_full,本发明（预测感知 + 残差RL）,4,781,0,3.50472,1.10534,1.95224,3227.86,0
D_full,本发明（预测感知 + 残差RL）,5,782,1,0.145341,0.31737,0.334894,3429.79,0
D_full,本发明（预测感知 + 残差RL）,6,783,1,0.395993,0.591577,0.594883,3131,0
D_full,本发明（预测感知 + 残差RL）,7,784,1,1.76046,0.633065,1.82425,3441.56,0
D_full,本发明（预测感知 + 残差RL）,8,785,0,3.79626,1.50459,1.86758,3210.55,0
D_full,本发明（预测感知 + 残差RL）,9,786,0,32.1078,13.4609,8,3282.81,1
D_full,本发明（预测感知 + 残差RL）,10,787,1,1.14887,2.09067,0.494308,3133.33,0
D_full,本发明（预测感知 + 残差RL）,11,788,1,0.302157,0.62869,0.256448,3075.89,0
D_full,本发明（预测感知 + 残差RL）,12,789,1,0.226804,0.679758,0.564298,3482.44,0
D_full,本发明（预测感知 + 残差RL）,13,790,0,4.27566,0.842225,2.60242,3330.49,0
D_full,本发明（预测感知 + 残差RL）,14,791,0,42.8255,8.70381,8,3086.47,1
D_full,本发明（预测感知 + 残差RL）,15,792,1,2.74504,1.27096,3.34247,3425.19,0
D_full,本发明（预测感知 + 残差RL）,16,793,0,9.22964,3.09887,1.82954,3033.66,0
D_full,本发明（预测感知 + 残差RL）,17,794,1,1.89635,0.536791,0.543332,3365.18,0
D_full,本发明（预测感知 + 残差RL）,18,795,0,3.33809,0.920723,4.08431,3147.62,0
D_full,本发明（预测感知 + 残差RL）,19,796,1,2.60803,2.1119,0.465781,3010.39,0
D_full,本发明（预测感知 + 残差RL）,20,797,1,2.96281,0.418914,1.75044,3449.53,1
D_full,本发明（预测感知 + 残差RL）,21,798,1,0.699144,0.714773,0.810866,3101.73,0
D_full,本发明（预测感知 + 残差RL）,22,799,1,2.39153,0.618657,1.42356,3461.28,0
D_full,本发明（预测感知 + 残差RL）,23,800,1,2.54051,0.425336,0.639966,3230.74,0
D_full,本发明（预测感知 + 残差RL）,24,801,1,0.733298,0.43958,0.888456,3313.82,0
D_full,本发明（预测感知 + 残差RL）,25,802,0,40.9683,17.0854,8,3088.32,1
D_full,本发明（预测感知 + 残差RL）,26,803,1,1.84851,1.127,1.54086,3262.15,0
D_full,本发明（预测感知 + 残差RL）,27,804,1,1.52018,2.35551,1.07883,3264.55,0
D_full,本发明（预测感知 + 残差RL）,28,805,1,1.08082,0.457806,1.8001,3384.32,0
D_full,本发明（预测感知 + 残差RL）,29,806,0,3.05223,2.29122,0.327784,3084.95,0
D_full,本发明（预测感知 + 残差RL）,30,807,0,36.7154,0.674022,8,3277.08,1
D_full,本发明（预测感知 + 残差RL）,31,808,0,7.00857,2.98746,0.470464,3242.36,0
D_full,本发明（预测感知 + 残差RL）,32,809,0,36.3195,0.75721,8,3157.37,1
D_full,本发明（预测感知 + 残差RL）,33,810,0,3.9322,1.44367,1.03789,3222.36,0
D_full,本发明（预测感知 + 残差RL）,34,811,0,47.7706,2.86668,8,3170.76,1
D_full,本发明（预测感知 + 残差RL）,35,812,1,2.0705,0.772058,3.96005,3390.92,0
D_full,本发明（预测感知 + 残差RL）,36,813,1,0.820998,0.525212,0.642214,3162.07,0
D_full,本发明（预测感知 + 残差RL）,37,814,1,2.90264,1.46637,0.574388,3148.35,0
D_full,本发明（预测感知 + 残差RL）,38,815,1,0.549532,0.881635,0.613542,3475.48,0
D_full,本发明（预测感知 + 残差RL）,39,816,0,3.10022,0.940596,1.51832,3268.37,0
D_full,本发明（预测感知 + 残差RL）,40,817,1,0.934999,0.228801,0.770009,3285.21,0
D_full,本发明（预测感知 + 残差RL）,41,818,1,0.375281,0.533718,1.08562,3169.65,0
D_full,本发明（预测感知 + 残差RL）,42,819,1,2.02919,0.681419,0.611492,3407.36,0
D_full,本发明（预测感知 + 残差RL）,43,820,0,3.98147,1.27218,0.76087,3336.92,0
D_full,本发明（预测感知 + 残差RL）,44,821,0,35.3658,1.64167,8,3298.11,1
D_full,本发明（预测感知 + 残差RL）,45,822,0,3.23002,0.674504,3.71659,3496.17,0
D_full,本发明（预测感知 + 残差RL）,46,823,0,3.03112,1.04215,1.07207,3227.65,0
D_full,本发明（预测感知 + 残差RL）,47,824,0,4.92476,2.15852,1.97009,3128.5,0
D_full,本发明（预测感知 + 残差RL）,48,825,1,0.254295,0.423984,0.441407,3149.46,0
D_full,本发明（预测感知 + 残差RL）,49,826,0,3.5932,1.35807,1.99088,3089.67,0
D_full,本发明（预测感知 + 残差RL）,50,827,0,14.0778,3.52145,7.29415,3196.85,0
D_full,本发明（预测感知 + 残差RL）,51,828,1,0.531468,0.324305,1.4125,3010.18,0
D_full,本发明（预测感知 + 残差RL）,52,829,1,2.23441,0.890209,2.6114,3358.23,0
D_full,本发明（预测感知 + 残差RL）,53,830,1,1.00915,0.617356,1.61823,3543.75,0
D_full,本发明（预测感知 + 残差RL）,54,831,0,27.9881,4.83617,8,2931.61,1
D_full,本发明（预测感知 + 残差RL）,55,832,0,9.83832,17.8876,8,3207.16,1
D_full,本发明（预测感知 + 残差RL）,56,833,1,2.26773,0.949714,2.58797,3370.82,0
D_full,本发明（预测感知 + 残差RL）,57,834,0,4.73933,1.44446,2.07126,3214.79,0
D_full,本发明（预测感知 + 残差RL）,58,835,0,43.6319,6.03994,8,3141.64,1
D_full,本发明（预测感知 + 残差RL）,59,836,1,0.210435,0.692262,0.610019,3149.58,0
D_full,本发明（预测感知 + 残差RL）,60,837,0,4.26292,0.680249,2.97249,3337.42,0
D_full,本发明（预测感知 + 残差RL）,61,838,0,49.8568,5.99717,8,3378.02,1
D_full,本发明（预测感知 + 残差RL）,62,839,0,9.25602,3.63078,4.51558,3140.45,0
D_full,本发明（预测感知 + 残差RL）,63,840,0,52.0966,6.63071,8,3379.95,1
D_full,本发明（预测感知 + 残差RL）,64,841,0,3.02088,1.31069,0.908117,3168.56,0
D_full,本发明（预测感知 + 残差RL）,65,842,1,2.97543,0.920807,0.73423,3355.69,0
D_full,本发明（预测感知 + 残差RL）,66,843,0,9.63955,24.1924,8.00148,2887.61,1
D_full,本发明（预测感知 + 残差RL）,67,844,0,3.38413,1.04173,2.78997,3262.56,0
D_full,本发明（预测感知 + 残差RL）,68,845,1,0.719675,0.534075,1.37749,3525.59,0
D_full,本发明（预测感知 + 残差RL）,69,846,0,6.24455,1.9137,2.01462,3194.04,0
D_full,本发明（预测感知 + 残差RL）,70,847,0,6.0116,2.06936,0.882611,2986.95,0
D_full,本发明（预测感知 + 残差RL）,71,848,0,3.42946,1.10865,2.26423,2979.01,0
D_full,本发明（预测感知 + 残差RL）,72,849,0,7.6784,2.01722,4.23654,3278.58,0
D_full,本发明（预测感知 + 残差RL）,73,850,1,0.171436,0.44472,0.499511,3105.82,0
D_full,本发明（预测感知 + 残差RL）,74,851,0,48.5058,8.62435,8,3084.03,1
D_full,本发明（预测感知 + 残差RL）,75,852,0,3.18682,1.50102,0.546677,3406.77,0
D_full,本发明（预测感知 + 残差RL）,76,853,1,2.35842,0.769367,4.77182,3434.65,0
D_full,本发明（预测感知 + 残差RL）,77,854,0,32.0676,12.4344,8,2937.59,1
D_full,本发明（预测感知 + 残差RL）,78,855,0,32.6279,0.904653,8,3460.5,1
D_full,本发明（预测感知 + 残差RL）,79,856,1,1.49021,0.637966,0.396556,3105.9,0
D_full,本发明（预测感知 + 残差RL）,80,857,1,0.714377,0.857041,0.368241,3151.23,0
D_full,本发明（预测感知 + 残差RL）,81,858,0,47.1608,14.9679,8,3180.45,1
D_full,本发明（预测感知 + 残差RL）,82,859,1,0.489129,0.692204,1.19876,3343.94,0
D_full,本发明（预测感知 + 残差RL）,83,860,0,4.92064,2.94612,1.51345,3226.46,0
D_full,本发明（预测感知 + 残差RL）,84,861,0,52.6254,14.8426,8,3113.18,1
D_full,本发明（预测感知 + 残差RL）,85,862,1,1.61702,0.927222,0.885036,3350.12,0
D_full,本发明（预测感知 + 残差RL）,86,863,0,7.36882,2.28191,6.79585,3344.68,0
D_full,本发明（预测感知 + 残差RL）,87,864,1,1.31594,0.497055,1.07811,3293.69,0
D_full,本发明（预测感知 + 残差RL）,88,865,1,2.52896,1.10797,1.51332,3416.22,0
D_full,本发明（预测感知 + 残差RL）,89,866,1,1.34013,1.45461,0.336262,3087.46,0
D_full,本发明（预测感知 + 残差RL）,90,867,0,4.25205,1.19019,1.29248,3106.22,0
D_full,本发明（预测感知 + 残差RL）,91,868,1,1.91918,0.93937,1.5422,3328.05,0
D_full,本发明（预测感知 + 残差RL）,92,869,0,3.93744,2.28418,1.81096,2981.97,0
D_full,本发明（预测感知 + 残差RL）,93,870,1,1.27453,0.514195,0.730436,3276.95,0
D_full,本发明（预测感知 + 残差RL）,94,871,1,1.55874,1.91685,0.788677,3230.1,0
D_full,本发明（预测感知 + 残差RL）,95,872,0,48.5853,7.79045,8,3459.3,1
D_full,本发明（预测感知 + 残差RL）,96,873,0,46.9233,8.02498,8,3210.77,1
D_full,本发明（预测感知 + 残差RL）,97,874,0,5.52051,1.64658,2.07982,3256.83,0
D_full,本发明（预测感知 + 残差RL）,98,875,0,3.26811,1.11469,0.803282,3204.07,0
D_full,本发明（预测感知 + 残差RL）,99,876,1,2.29143,0.886843,1.52364,3240.65,0
D_full,本发明（预测感知 + 残差RL）,100,877,1,0.456571,0.412511,0.398482,3103.75,0
D_full,本发明（预测感知 + 残差RL）,101,878,0,5.86231,1.49011,4.541,3248.48,0
D_full,本发明（预测感知 + 残差RL）,102,879,1,0.998204,0.858718,1.15335,3560.33,0
D_full,本发明（预测感知 + 残差RL）,103,880,1,0.640085,0.548384,1.3481,3159.58,0
D_full,本发明（预测感知 + 残差RL）,104,881,1,0.86168,0.529923,0.496209,3222.23,0
D_full,本发明（预测感知 + 残差RL）,105,882,0,4.65139,1.07019,3.0038,3324.27,0
D_full,本发明（预测感知 + 残差RL）,106,883,1,2.31183,1.04591,0.47955,3323.96,0
D_full,本发明（预测感知 + 残差RL）,107,884,1,1.90825,0.551852,2.00957,3550.67,0
D_full,本发明（预测感知 + 残差RL）,108,885,0,46.2599,13.6435,8,3073.93,1
D_full,本发明（预测感知 + 残差RL）,109,886,0,6.55438,1.92183,1.51045,3086.96,0
D_full,本发明（预测感知 + 残差RL）,110,887,0,55.0401,5.76141,8,3156,1
D_full,本发明（预测感知 + 残差RL）,111,888,0,3.71471,1.43487,0.995361,3079.23,0
D_full,本发明（预测感知 + 残差RL）,112,889,1,0.46104,0.314039,0.315163,3174.65,0
D_full,本发明（预测感知 + 残差RL）,113,890,1,1.16428,0.760861,1.68826,3208.17,0
D_full,本发明（预测感知 + 残差RL）,114,891,0,53.2914,15.3797,8,3085.85,1
D_full,本发明（预测感知 + 残差RL）,115,892,1,0.985421,0.590317,1.39423,3177.95,0
D_full,本发明（预测感知 + 残差RL）,116,893,1,1.10995,0.508586,0.38646,3389.86,0
D_full,本发明（预测感知 + 残差RL）,117,894,1,0.665011,0.338976,0.775846,3285.04,0
D_full,本发明（预测感知 + 残差RL）,118,895,0,3.60217,1.38527,0.978667,3189.33,0
D_full,本发明（预测感知 + 残差RL）,119,896,1,2.47961,0.861332,1.76945,3505.37,0
D_full,本发明（预测感知 + 残差RL）,120,897,1,2.88661,1.00666,2.42474,3421.79,0
D_full,本发明（预测感知 + 残差RL）,121,898,0,68.0701,9.44704,8,3407.22,1
D_full,本发明（预测感知 + 残差RL）,122,899,0,7.4999,0.749709,6.00387,3489.31,1
D_full,本发明（预测感知 + 残差RL）,123,900,1,0.488751,0.445573,1.00196,3468.17,0
D_full,本发明（预测感知 + 残差RL）,124,901,0,31.7167,1.0514,8,3158.54,1
D_full,本发明（预测感知 + 残差RL）,125,902,1,0.67875,0.807718,0.892627,3428.42,0
D_full,本发明（预测感知 + 残差RL）,126,903,1,0.0510611,0.583925,0.890286,3386.08,0
D_full,本发明（预测感知 + 残差RL）,127,904,1,0.53016,0.520471,0.52145,3223.86,0
D_full,本发明（预测感知 + 残差RL）,128,905,0,48.3486,9.27339,8,3155.16,1
D_full,本发明（预测感知 + 残差RL）,129,906,0,51.5144,10.7683,8,3359.04,1
D_full,本发明（预测感知 + 残差RL）,130,907,0,3.17323,0.673367,0.960179,3212.32,0
D_full,本发明（预测感知 + 残差RL）,131,908,0,3.10208,0.774151,2.07304,3458.65,0
D_full,本发明（预测感知 + 残差RL）,132,909,1,2.21884,0.770509,1.59097,3234.88,0
D_full,本发明（预测感知 + 残差RL）,133,910,1,0.955852,0.686233,1.30773,3219.26,0
D_full,本发明（预测感知 + 残差RL）,134,911,1,2.99682,1.06768,1.9549,3215.22,0
D_full,本发明（预测感知 + 残差RL）,135,912,0,18.1782,24.808,8.00351,3036.69,1
D_full,本发明（预测感知 + 残差RL）,136,913,1,1.50704,1.49647,0.729954,2975.62,0
D_full,本发明（预测感知 + 残差RL）,137,914,0,22.7616,0.862319,8,3052.11,1
D_full,本发明（预测感知 + 残差RL）,138,915,1,0.74786,0.975748,0.481259,3206.75,0
D_full,本发明（预测感知 + 残差RL）,139,916,1,0.545784,0.391479,0.403287,3455.35,0
D_full,本发明（预测感知 + 残差RL）,140,917,1,0.916011,0.550013,0.492942,3204.99,0
D_full,本发明（预测感知 + 残差RL）,141,918,1,1.38622,0.690337,1.35739,3499.86,0
D_full,本发明（预测感知 + 残差RL）,142,919,0,46.692,4.86865,8,3325.72,1
D_full,本发明（预测感知 + 残差RL）,143,920,0,4.78991,1.47313,4.178,3355.6,0
D_full,本发明（预测感知 + 残差RL）,144,921,1,0.358171,0.56419,0.632048,3182.72,0
D_full,本发明（预测感知 + 残差RL）,145,922,1,2.85136,1.31682,1.26997,3145.19,0
D_full,本发明（预测感知 + 残差RL）,146,923,0,5.58026,20.1021,8.00005,3125.77,1
D_full,本发明（预测感知 + 残差RL）,147,924,0,61.8716,9.6195,8,3180.94,1
D_full,本发明（预测感知 + 残差RL）,148,925,0,26.4924,1.39387,8,3308.69,1
D_full,本发明（预测感知 + 残差RL）,149,926,0,3.93895,1.32606,4.88706,3181.28,0
D_full,本发明（预测感知 + 残差RL）,150,927,0,55.5039,9.01096,8,3107.72,1
D_full,本发明（预测感知 + 残差RL）,151,928,0,3.06937,0.972483,4.22914,3296.77,0
D_full,本发明（预测感知 + 残差RL）,152,929,1,0.794203,1.44405,0.225433,3167.97,0
D_full,本发明（预测感知 + 残差RL）,153,930,0,6.44256,1.62254,2.35282,3019.26,0
D_full,本发明（预测感知 + 残差RL）,154,931,1,1.63858,0.595208,2.57054,3254.63,0
D_full,本发明（预测感知 + 残差RL）,155,932,0,46.0622,4.32624,8,3317.53,1
D_full,本发明（预测感知 + 残差RL）,156,933,1,0.257719,0.365668,0.491569,3195.08,0
D_full,本发明（预测感知 + 残差RL）,157,934,1,2.37552,0.511144,0.735849,3353.76,0
D_full,本发明（预测感知 + 残差RL）,158,935,1,1.03604,0.428589,1.19639,3190.18,0
D_full,本发明（预测感知 + 残差RL）,159,936,1,0.299955,2.24117,0.276268,3233.61,0
D_full,本发明（预测感知 + 残差RL）,160,937,1,1.29869,0.639878,1.20808,3442.79,0
D_full,本发明（预测感知 + 残差RL）,161,938,0,39.2298,1.82687,8,3360.69,1
D_full,本发明（预测感知 + 残差RL）,162,939,0,28.5615,2.4423,8,3274.36,1
D_full,本发明（预测感知 + 残差RL）,163,940,1,2.46116,1.0841,1.65799,3294.72,0
D_full,本发明（预测感知 + 残差RL）,164,941,0,3.84939,1.3594,3.32949,3456.71,0
D_full,本发明（预测感知 + 残差RL）,165,942,1,0.580095,0.636381,0.983638,3359.58,0
D_full,本发明（预测感知 + 残差RL）,166,943,0,43.6472,6.75404,8,3119.12,1
D_full,本发明（预测感知 + 残差RL）,167,944,1,1.5969,0.584053,2.54905,3436.18,0
D_full,本发明（预测感知 + 残差RL）,168,945,0,4.53151,1.76139,2.36666,3225.68,0
D_full,本发明（预测感知 + 残差RL）,169,946,1,1.60923,0.644478,1.59265,3105.69,0
D_full,本发明（预测感知 + 残差RL）,170,947,1,1.71111,0.864782,1.42685,3352.72,0
D_full,本发明（预测感知 + 残差RL）,171,948,0,7.37763,2.46858,6.95938,3167.73,1
D_full,本发明（预测感知 + 残差RL）,172,949,0,4.46924,1.20848,1.637,3265.08,0
D_full,本发明（预测感知 + 残差RL）,173,950,1,2.84173,0.698068,1.55883,3271.28,0
D_full,本发明（预测感知 + 残差RL）,174,951,0,6.35916,3.21123,2.32846,3305.5,0
D_full,本发明（预测感知 + 残差RL）,175,952,1,0.561147,1.99252,0.385162,3152.8,0
D_full,本发明（预测感知 + 残差RL）,176,953,1,0.753397,0.924573,0.773981,3184.86,0
D_full,本发明（预测感知 + 残差RL）,177,954,0,5.71193,1.95777,2.66803,3258.2,0
D_full,本发明（预测感知 + 残差RL）,178,955,1,0.853445,0.603109,0.77051,3307.02,0
D_full,本发明（预测感知 + 残差RL）,179,956,1,2.29808,0.895393,1.45606,3150.63,0
D_full,本发明（预测感知 + 残差RL）,180,957,1,2.87293,0.382035,0.847498,3354.98,0
D_full,本发明（预测感知 + 残差RL）,181,958,1,2.48598,1.17685,0.254234,3148.01,0
D_full,本发明（预测感知 + 残差RL）,182,959,0,4.79289,1.27142,0.928546,3229.78,0
D_full,本发明（预测感知 + 残差RL）,183,960,1,0.54569,0.586635,0.968029,3495.24,0
D_full,本发明（预测感知 + 残差RL）,184,961,1,2.92311,2.39403,2.86826,2955.71,0
D_full,本发明（预测感知 + 残差RL）,185,962,1,0.301771,0.570496,1.69334,3173.28,0
D_full,本发明（预测感知 + 残差RL）,186,963,1,1.48167,0.451362,1.75896,3422.19,0
D_full,本发明（预测感知 + 残差RL）,187,964,1,1.36564,0.855289,2.12254,3138.04,0
D_full,本发明（预测感知 + 残差RL）,188,965,1,1.23348,0.449647,1.71186,3195.75,0
D_full,本发明（预测感知 + 残差RL）,189,966,1,2.56498,0.857355,4.05167,3214.24,0
D_full,本发明（预测感知 + 残差RL）,190,967,1,2.09552,0.759699,1.95892,3181.77,0
D_full,本发明（预测感知 + 残差RL）,191,968,1,2.55942,1.05123,1.656,3313.21,0
D_full,本发明（预测感知 + 残差RL）,192,969,0,55.0944,7.93719,8,3140.97,1
D_full,本发明（预测感知 + 残差RL）,193,970,0,51.1846,12.8928,8,3113.34,1
D_full,本发明（预测感知 + 残差RL）,194,971,1,0.298106,0.621864,0.998339,3391.96,0
D_full,本发明（预测感知 + 残差RL）,195,972,0,52.7533,8.28434,8,3099.61,1
D_full,本发明（预测感知 + 残差RL）,196,973,1,2.03281,0.476177,4.6038,3493.5,0
D_full,本发明（预测感知 + 残差RL）,197,974,1,2.20194,0.947347,0.420891,3241.8,0
D_full,本发明（预测感知 + 残差RL）,198,975,1,2.31703,0.660863,1.64033,3383.13,0
D_full,本发明（预测感知 + 残差RL）,199,976,0,5.75885,0.919438,5.80996,3390.45,0
E_ideal_sensing,本发明 + 理想感知（上界）,0,777,1,0.212652,0.62116,0.938102,3380.6,0
E_ideal_sensing,本发明 + 理想感知（上界）,1,778,1,0.265142,0.603593,0.451928,3371.73,0
E_ideal_sensing,本发明 + 理想感知（上界）,2,779,1,0.521868,0.467887,0.579716,3209.82,0
E_ideal_sensing,本发明 + 理想感知（上界）,3,780,1,0.815167,0.604751,0.807173,3110.2,0
E_ideal_sensing,本发明 + 理想感知（上界）,4,781,1,0.345041,0.579589,0.793985,3254.84,0
E_ideal_sensing,本发明 + 理想感知（上界）,5,782,1,0.352633,0.566471,0.397166,3437.93,0
E_ideal_sensing,本发明 + 理想感知（上界）,6,783,1,0.278151,0.409046,0.245325,3094.57,0
E_ideal_sensing,本发明 + 理想感知（上界）,7,784,1,0.317795,0.617657,0.451718,3414.97,0
E_ideal_sensing,本发明 + 理想感知（上界）,8,785,1,1.15835,0.533446,0.737792,3180.55,0
E_ideal_sensing,本发明 + 理想感知（上界）,9,786,0,32.4846,13.4244,8,3285.89,1
E_ideal_sensing,本发明 + 理想感知（上界）,10,787,1,0.726619,1.61524,0.286986,3103.51,0
E_ideal_sensing,本发明 + 理想感知（上界）,11,788,1,0.37264,0.479075,0.305574,3098.45,0
E_ideal_sensing,本发明 + 理想感知（上界）,12,789,1,0.325766,0.618268,0.406364,3480.39,0
E_ideal_sensing,本发明 + 理想感知（上界）,13,790,1,1.80994,0.993635,2.55057,3317,0
E_ideal_sensing,本发明 + 理想感知（上界）,14,791,0,45.5128,8.94774,8,3109.04,1
E_ideal_sensing,本发明 + 理想感知（上界）,15,792,1,0.25449,0.65346,0.919776,3407.26,0
E_ideal_sensing,本发明 + 理想感知（上界）,16,793,0,10.1858,3.81569,3.62127,3014.56,0
E_ideal_sensing,本发明 + 理想感知（上界）,17,794,1,0.565667,0.61848,0.411867,3345.66,0
E_ideal_sensing,本发明 + 理想感知（上界）,18,795,1,0.843233,0.755927,1.36204,3128.67,0
E_ideal_sensing,本发明 + 理想感知（上界）,19,796,1,0.225361,1.162,0.501844,3023.58,0
E_ideal_sensing,本发明 + 理想感知（上界）,20,797,1,0.360544,0.632368,0.702512,3473.99,0
E_ideal_sensing,本发明 + 理想感知（上界）,21,798,1,0.299619,0.425814,0.237453,3109.33,0
E_ideal_sensing,本发明 + 理想感知（上界）,22,799,1,0.100755,0.610421,0.514583,3447.98,0
E_ideal_sensing,本发明 + 理想感知（上界）,23,800,1,1.05736,0.588593,1.65965,3248.48,0
E_ideal_sensing,本发明 + 理想感知（上界）,24,801,1,0.464683,0.591568,0.301989,3253.77,0
E_ideal_sensing,本发明 + 理想感知（上界）,25,802,0,40.2801,17.2533,8,3092.3,1
E_ideal_sensing,本发明 + 理想感知（上界）,26,803,1,0.405097,0.60331,0.762756,3231.41,0
E_ideal_sensing,本发明 + 理想感知（上界）,27,804,1,0.472382,1.84703,0.847089,3272.38,0
E_ideal_sensing,本发明 + 理想感知（上界）,28,805,1,1.06369,0.548668,2.06589,3363.79,0
E_ideal_sensing,本发明 + 理想感知（上界）,29,806,1,0.691674,2.04041,0.69857,3082.33,0
E_ideal_sensing,本发明 + 理想感知（上界）,30,807,0,35.1854,0.692408,8,3264.53,1
E_ideal_sensing,本发明 + 理想感知（上界）,31,808,1,1.25148,1.06248,0.347979,3262.87,0
E_ideal_sensing,本发明 + 理想感知（上界）,32,809,0,38.526,0.97018,8,3134.34,1
E_ideal_sensing,本发明 + 理想感知（上界）,33,810,1,0.431917,0.581289,0.237716,3219.44,0
E_ideal_sensing,本发明 + 理想感知（上界）,34,811,0,48.0831,3.34034,8,3152.26,1
E_ideal_sensing,本发明 + 理想感知（上界）,35,812,1,0.0930524,0.626805,0.717746,3405.76,0
E_ideal_sensing,本发明 + 理想感知（上界）,36,813,1,0.285624,0.615593,0.379459,3165.58,0
E_ideal_sensing,本发明 + 理想感知（上界）,37,814,1,0.268188,0.81597,0.267026,3159.45,0
E_ideal_sensing,本发明 + 理想感知（上界）,38,815,1,0.933796,0.570619,1.25722,3472.6,0
E_ideal_sensing,本发明 + 理想感知（上界）,39,816,1,0.736533,0.771999,1.64793,3253.82,0
E_ideal_sensing,本发明 + 理想感知（上界）,40,817,1,0.300357,0.574778,1.08015,3305.84,0
E_ideal_sensing,本发明 + 理想感知（上界）,41,818,1,0.541241,0.540539,0.680465,3121.29,0
E_ideal_sensing,本发明 + 理想感知（上界）,42,819,1,0.0482322,0.606998,0.466325,3384.75,0
E_ideal_sensing,本发明 + 理想感知（上界）,43,820,1,0.977716,0.53219,0.870757,3354.64,0
E_ideal_sensing,本发明 + 理想感知（上界）,44,821,0,37.4465,2.27707,8,3289.5,1
E_ideal_sensing,本发明 + 理想感知（上界）,45,822,1,0.64454,0.618245,1.0847,3489.83,0
E_ideal_sensing,本发明 + 理想感知（上界）,46,823,1,0.634827,0.639888,1.09246,3222.77,0
E_ideal_sensing,本发明 + 理想感知（上界）,47,824,1,1.91665,1.99882,1.71927,3126.76,0
E_ideal_sensing,本发明 + 理想感知（上界）,48,825,1,0.518469,0.430879,0.562523,3153.49,0
E_ideal_sensing,本发明 + 理想感知（上界）,49,826,1,0.355928,0.535646,0.594063,3061.63,0
E_ideal_sensing,本发明 + 理想感知（上界）,50,827,0,17.629,2.52271,8,3180.1,1
E_ideal_sensing,本发明 + 理想感知（上界）,51,828,1,0.537501,0.440769,0.583564,2990.7,0
E_ideal_sensing,本发明 + 理想感知（上界）,52,829,1,0.825814,0.579197,1.70835,3353.81,0
E_ideal_sensing,本发明 + 理想感知（上界）,53,830,1,0.359177,0.556339,0.434383,3509.49,0
E_ideal_sensing,本发明 + 理想感知（上界）,54,831,0,30.3747,5.06897,8,2933.56,1
E_ideal_sensing,本发明 + 理想感知（上界）,55,832,0,14.0637,17.4599,8,3230.33,1
E_ideal_sensing,本发明 + 理想感知（上界）,56,833,1,0.193749,0.572969,0.669281,3367.04,0
E_ideal_sensing,本发明 + 理想感知（上界）,57,834,1,1.10101,0.718565,0.790917,3215.06,0
E_ideal_sensing,本发明 + 理想感知（上界）,58,835,0,44.3211,6.50942,8,3132.67,1
E_ideal_sensing,本发明 + 理想感知（上界）,59,836,1,0.417548,0.462541,0.428433,3116.68,0
E_ideal_sensing,本发明 + 理想感知（上界）,60,837,1,1.10828,0.838282,2.25366,3324.24,0
E_ideal_sensing,本发明 + 理想感知（上界）,61,838,0,48.55,6.76805,8,3348.17,1
E_ideal_sensing,本发明 + 理想感知（上界）,62,839,0,7.15064,3.47583,2.77356,3151.69,0
E_ideal_sensing,本发明 + 理想感知（上界）,63,840,0,48.3272,6.71209,8,3355.97,1
E_ideal_sensing,本发明 + 理想感知（上界）,64,841,1,0.402757,0.473824,0.458224,3182.48,0
E_ideal_sensing,本发明 + 理想感知（上界）,65,842,1,0.872945,0.646448,1.0057,3355.52,0
E_ideal_sensing,本发明 + 理想感知（上界）,66,843,0,11.168,24.4059,8.00186,2889.96,1
E_ideal_sensing,本发明 + 理想感知（上界）,67,844,1,0.608541,0.694874,1.23388,3245.17,0
E_ideal_sensing,本发明 + 理想感知（上界）,68,845,1,0.478398,0.562837,1.27908,3514.87,0
E_ideal_sensing,本发明 + 理想感知（上界）,69,846,0,6.35526,2.49529,1.40763,3220.65,0
E_ideal_sensing,本发明 + 理想感知（上界）,70,847,1,0.869424,1.14041,0.619398,2986.87,0
E_ideal_sensing,本发明 + 理想感知（上界）,71,848,1,0.408338,1.22105,0.851293,2964.79,0
E_ideal_sensing,本发明 + 理想感知（上界）,72,849,1,1.90204,1.0397,1.85275,3266.18,0
E_ideal_sensing,本发明 + 理想感知（上界）,73,850,1,0.37228,0.571684,0.172647,3090.91,0
E_ideal_sensing,本发明 + 理想感知（上界）,74,851,0,46.3082,8.919,8,3065.18,1
E_ideal_sensing,本发明 + 理想感知（上界）,75,852,1,0.512534,0.574194,0.839688,3439.47,0
E_ideal_sensing,本发明 + 理想感知（上界）,76,853,1,0.173467,0.645196,0.854435,3417.47,0
E_ideal_sensing,本发明 + 理想感知（上界）,77,854,0,33.5614,12.1555,8,2952,1
E_ideal_sensing,本发明 + 理想感知（上界）,78,855,0,32.9932,0.826591,8,3460.31,1
E_ideal_sensing,本发明 + 理想感知（上界）,79,856,1,0.4126,0.743423,0.430395,3098.74,0
E_ideal_sensing,本发明 + 理想感知（上界）,80,857,1,0.797783,1.13015,0.305191,3145.04,0
E_ideal_sensing,本发明 + 理想感知（上界）,81,858,0,47.2237,15.2687,8,3175.44,1
E_ideal_sensing,本发明 + 理想感知（上界）,82,859,1,0.362704,0.630276,0.329034,3325.2,0
E_ideal_sensing,本发明 + 理想感知（上界）,83,860,0,6.21336,3.06821,1.18293,3227.2,0
E_ideal_sensing,本发明 + 理想感知（上界）,84,861,0,48.7218,15.5214,8,3091.44,1
E_ideal_sensing,本发明 + 理想感知（上界）,85,862,1,0.337606,0.622189,0.851139,3330.73,0
E_ideal_sensing,本发明 + 理想感知（上界）,86,863,0,4.8581,2.32343,4.69698,3362.09,0
E_ideal_sensing,本发明 + 理想感知（上界）,87,864,1,0.61844,0.590744,0.617679,3329.46,0
E_ideal_sensing,本发明 + 理想感知（上界）,88,865,1,0.604014,0.7372,1.64277,3400.93,0
E_ideal_sensing,本发明 + 理想感知（上界）,89,866,1,0.976177,0.551483,0.783168,3108.16,0
E_ideal_sensing,本发明 + 理想感知（上界）,90,867,1,1.11858,0.55398,0.993494,3103.51,0
E_ideal_sensing,本发明 + 理想感知（上界）,91,868,1,0.279162,0.438974,0.358581,3352.38,0
E_ideal_sensing,本发明 + 理想感知（上界）,92,869,1,0.949966,1.77271,1.34161,2987.93,0
E_ideal_sensing,本发明 + 理想感知（上界）,93,870,1,1.18818,0.854455,0.718416,3269.29,0
E_ideal_sensing,本发明 + 理想感知（上界）,94,871,1,0.95182,1.65629,0.764191,3224.27,0
E_ideal_sensing,本发明 + 理想感知（上界）,95,872,0,43.1635,9.23614,8,3402,1
E_ideal_sensing,本发明 + 理想感知（上界）,96,873,0,48.7084,7.811,8,3236.71,1
E_ideal_sensing,本发明 + 理想感知（上界）,97,874,1,1.24124,0.764656,1.07108,3264.28,0
E_ideal_sensing,本发明 + 理想感知（上界）,98,875,1,0.566848,0.534446,0.741667,3202.16,0
E_ideal_sensing,本发明 + 理想感知（上界）,99,876,1,0.232813,0.545193,0.565274,3246.97,0
E_ideal_sensing,本发明 + 理想感知（上界）,100,877,1,0.188917,0.425788,0.280189,3081.42,0
E_ideal_sensing,本发明 + 理想感知（上界）,101,878,1,1.4758,0.878025,1.5667,3243.14,0
E_ideal_sensing,本发明 + 理想感知（上界）,102,879,1,0.69514,0.603128,1.26153,3531.72,0
E_ideal_sensing,本发明 + 理想感知（上界）,103,880,1,0.703838,0.558024,0.93979,3136.51,0
E_ideal_sensing,本发明 + 理想感知（上界）,104,881,1,0.516332,0.584654,0.243193,3211.9,0
E_ideal_sensing,本发明 + 理想感知（上界）,105,882,1,0.97822,0.753763,1.46321,3308.73,0
E_ideal_sensing,本发明 + 理想感知（上界）,106,883,1,0.382348,0.459753,0.609676,3308.36,0
E_ideal_sensing,本发明 + 理想感知（上界）,107,884,1,0.142044,0.54308,0.707317,3556.47,0
E_ideal_sensing,本发明 + 理想感知（上界）,108,885,0,50.1821,13.1804,8,3097.42,1
E_ideal_sensing,本发明 + 理想感知（上界）,109,886,1,2.42736,2.03696,2.09798,3083.06,0
E_ideal_sensing,本发明 + 理想感知（上界）,110,887,0,54.2621,5.76416,8,3163.28,1
E_ideal_sensing,本发明 + 理想感知（上界）,111,888,1,0.365403,0.597527,0.937225,3066.08,0
E_ideal_sensing,本发明 + 理想感知（上界）,112,889,1,0.344066,0.606088,0.355253,3194.84,0
E_ideal_sensing,本发明 + 理想感知（上界）,113,890,1,0.593957,0.620034,0.975213,3199.69,0
E_ideal_sensing,本发明 + 理想感知（上界）,114,891,0,50.3422,15.5482,8,3085.68,1
E_ideal_sensing,本发明 + 理想感知（上界）,115,892,1,0.329587,0.595505,0.473049,3162.94,0
E_ideal_sensing,本发明 + 理想感知（上界）,116,893,1,0.35193,0.622737,0.723095,3392.8,0
E_ideal_sensing,本发明 + 理想感知（上界）,117,894,1,0.674006,0.427243,0.737211,3281.6,0
E_ideal_sensing,本发明 + 理想感知（上界）,118,895,1,0.661027,1.85822,1.17751,3177.19,0
E_ideal_sensing,本发明 + 理想感知（上界）,119,896,1,0.345768,0.623938,0.907576,3507.94,0
E_ideal_sensing,本发明 + 理想感知（上界）,120,897,1,0.314753,0.61897,0.818993,3396.43,0
E_ideal_sensing,本发明 + 理想感知（上界）,121,898,0,64.3806,10.3667,8,3384.68,1
E_ideal_sensing,本发明 + 理想感知（上界）,122,899,1,2.42228,1.29011,2.78766,3461.41,0
E_ideal_sensing,本发明 + 理想感知（上界）,123,900,1,0.24259,0.60135,0.38445,3461.83,0
E_ideal_sensing,本发明 + 理想感知（上界）,124,901,0,33.1862,1.19394,8,3158.9,1
E_ideal_sensing,本发明 + 理想感知（上界）,125,902,1,0.573941,0.629423,0.282199,3408.08,0
E_ideal_sensing,本发明 + 理想感知（上界）,126,903,1,0.288117,0.574302,0.335147,3352.83,0
E_ideal_sensing,本发明 + 理想感知（上界）,127,904,1,0.374889,0.414594,0.275068,3237.57,0
E_ideal_sensing,本发明 + 理想感知（上界）,128,905,0,48.4147,9.52768,8,3166.73,1
E_ideal_sensing,本发明 + 理想感知（上界）,129,906,0,53.2283,10.6409,8,3369.73,1
E_ideal_sensing,本发明 + 理想感知（上界）,130,907,1,0.0610085,0.55481,0.719918,3234.58,0
E_ideal_sensing,本发明 + 理想感知（上界）,131,908,1,0.420362,0.64087,0.798829,3435.3,0
E_ideal_sensing,本发明 + 理想感知（上界）,132,909,1,0.195903,0.654989,0.958592,3242.47,0
E_ideal_sensing,本发明 + 理想感知（上界）,133,910,1,0.193743,0.608722,0.523716,3187.48,0
E_ideal_sensing,本发明 + 理想感知（上界）,134,911,1,0.482476,0.428762,0.591875,3197.25,0
E_ideal_sensing,本发明 + 理想感知（上界）,135,912,0,14.9558,24.5575,8.00251,3072.1,1
E_ideal_sensing,本发明 + 理想感知（上界）,136,913,1,0.364507,0.816677,0.128181,2987.78,0
E_ideal_sensing,本发明 + 理想感知（上界）,137,914,0,24.3464,0.667942,8,3050.47,1
E_ideal_sensing,本发明 + 理想感知（上界）,138,915,1,0.633026,0.517427,0.276465,3210.11,0
E_ideal_sensing,本发明 + 理想感知（上界）,139,916,1,0.0485342,0.627326,0.381253,3473.08,0
E_ideal_sensing,本发明 + 理想感知（上界）,140,917,1,0.832934,0.594771,0.639976,3168.83,0
E_ideal_sensing,本发明 + 理想感知（上界）,141,918,1,0.709773,0.603364,0.924671,3474.81,0
E_ideal_sensing,本发明 + 理想感知（上界）,142,919,0,47.8105,5.27792,8,3326.77,1
E_ideal_sensing,本发明 + 理想感知（上界）,143,920,1,0.755747,0.669804,0.588539,3346,0
E_ideal_sensing,本发明 + 理想感知（上界）,144,921,1,0.425713,0.634478,0.433625,3180.38,0
E_ideal_sensing,本发明 + 理想感知（上界）,145,922,1,0.291351,1.45789,0.512207,3125.03,0
E_ideal_sensing,本发明 + 理想感知（上界）,146,923,0,9.09446,19.8108,8.00002,3147.9,1
E_ideal_sensing,本发明 + 理想感知（上界）,147,924,0,57.5982,10.1124,8,3166.48,1
E_ideal_sensing,本发明 + 理想感知（上界）,148,925,0,26.4992,1.28719,8,3299.11,1
E_ideal_sensing,本发明 + 理想感知（上界）,149,926,1,0.275646,0.650959,0.702769,3157.45,0
E_ideal_sensing,本发明 + 理想感知（上界）,150,927,0,54.6935,8.95594,8,3113.72,1
E_ideal_sensing,本发明 + 理想感知（上界）,151,928,1,0.615539,0.581825,0.817285,3275.74,0
E_ideal_sensing,本发明 + 理想感知（上界）,152,929,1,0.700177,1.21972,0.1796,3170.62,0
E_ideal_sensing,本发明 + 理想感知（上界）,153,930,1,1.44894,1.70106,1.61173,3016.37,0
E_ideal_sensing,本发明 + 理想感知（上界）,154,931,1,0.741774,0.408862,0.824701,3215.96,0
E_ideal_sensing,本发明 + 理想感知（上界）,155,932,0,44.5282,4.45483,8,3306.49,1
E_ideal_sensing,本发明 + 理想感知（上界）,156,933,1,0.607618,0.573171,0.793114,3175.51,0
E_ideal_sensing,本发明 + 理想感知（上界）,157,934,1,0.546373,0.536694,0.563819,3375.19,0
E_ideal_sensing,本发明 + 理想感知（上界）,158,935,1,0.767291,0.633934,0.828498,3206.1,0
E_ideal_sensing,本发明 + 理想感知（上界）,159,936,1,0.402511,1.73531,0.195624,3241.94,0
E_ideal_sensing,本发明 + 理想感知（上界）,160,937,1,0.513631,0.608433,0.632186,3437.35,0
E_ideal_sensing,本发明 + 理想感知（上界）,161,938,0,38.0763,2.62102,8,3315.48,1
E_ideal_sensing,本发明 + 理想感知（上界）,162,939,0,31.4194,2.19763,8,3309.37,1
E_ideal_sensing,本发明 + 理想感知（上界）,163,940,1,0.369685,0.51296,0.653359,3270.56,0
E_ideal_sensing,本发明 + 理想感知（上界）,164,941,1,0.773216,0.682461,1.14668,3436.98,0
E_ideal_sensing,本发明 + 理想感知（上界）,165,942,1,0.500044,0.626843,1.33235,3319.47,0
E_ideal_sensing,本发明 + 理想感知（上界）,166,943,0,43.2576,6.69421,8,3123.9,1
E_ideal_sensing,本发明 + 理想感知（上界）,167,944,1,0.721409,0.632084,1.6234,3405.91,0
E_ideal_sensing,本发明 + 理想感知（上界）,168,945,1,1.0075,0.657394,0.858913,3226.72,0
E_ideal_sensing,本发明 + 理想感知（上界）,169,946,1,0.708723,0.557272,0.274408,3069.54,0
E_ideal_sensing,本发明 + 理想感知（上界）,170,947,1,0.41258,0.59489,0.889892,3344.56,0
E_ideal_sensing,本发明 + 理想感知（上界）,171,948,0,6.35962,2.92838,4.20316,3145.76,0
E_ideal_sensing,本发明 + 理想感知（上界）,172,949,1,0.425011,0.688846,1.09423,3273.15,0
E_ideal_sensing,本发明 + 理想感知（上界）,173,950,1,0.593496,0.617752,0.879266,3264,0
E_ideal_sensing,本发明 + 理想感知（上界）,174,951,0,3.1406,2.53483,2.42697,3313.56,0
E_ideal_sensing,本发明 + 理想感知（上界）,175,952,1,0.467825,1.03703,0.216202,3170.58,0
E_ideal_sensing,本发明 + 理想感知（上界）,176,953,1,0.591059,0.863876,0.252095,3172.24,0
E_ideal_sensing,本发明 + 理想感知（上界）,177,954,1,0.614074,1.12085,0.791192,3268.53,0
E_ideal_sensing,本发明 + 理想感知（上界）,178,955,1,0.293901,0.584533,0.378657,3271.16,0
E_ideal_sensing,本发明 + 理想感知（上界）,179,956,1,0.462241,0.582387,0.89448,3113.38,0
E_ideal_sensing,本发明 + 理想感知（上界）,180,957,1,0.224605,0.412097,0.264077,3349.42,0
E_ideal_sensing,本发明 + 理想感知（上界）,181,958,1,1.06079,0.454021,1.00938,3174.22,0
E_ideal_sensing,本发明 + 理想感知（上界）,182,959,1,1.12561,0.76918,1.56025,3264.27,0
E_ideal_sensing,本发明 + 理想感知（上界）,183,960,1,0.149736,0.604467,0.352638,3499.19,0
E_ideal_sensing,本发明 + 理想感知（上界）,184,961,1,1.00254,2.21221,1.26423,2955.99,0
E_ideal_sensing,本发明 + 理想感知（上界）,185,962,1,0.231106,0.622724,0.283801,3159.84,0
E_ideal_sensing,本发明 + 理想感知（上界）,186,963,1,0.392107,0.590459,0.517419,3421.48,0
E_ideal_sensing,本发明 + 理想感知（上界）,187,964,1,0.598316,0.641098,1.31961,3115.92,0
E_ideal_sensing,本发明 + 理想感知（上界）,188,965,1,1.25638,0.622176,1.76341,3212.31,0
E_ideal_sensing,本发明 + 理想感知（上界）,189,966,1,0.391235,0.652778,0.611432,3196.29,0
E_ideal_sensing,本发明 + 理想感知（上界）,190,967,1,0.598885,0.628012,1.32484,3187.58,0
E_ideal_sensing,本发明 + 理想感知（上界）,191,968,1,1.13167,0.640179,0.467179,3296.91,0
E_ideal_sensing,本发明 + 理想感知（上界）,192,969,0,55.0325,8.30983,8,3150.59,1
E_ideal_sensing,本发明 + 理想感知（上界）,193,970,0,56.6845,12.9015,8,3145.36,1
E_ideal_sensing,本发明 + 理想感知（上界）,194,971,1,0.225666,0.569213,0.257723,3379.53,0
E_ideal_sensing,本发明 + 理想感知（上界）,195,972,0,52.6598,8.60031,8,3103.67,1
E_ideal_sensing,本发明 + 理想感知（上界）,196,973,1,0.703343,0.591093,1.1744,3436,0
E_ideal_sensing,本发明 + 理想感知（上界）,197,974,1,0.508605,1.59107,0.684159,3218.23,0
E_ideal_sensing,本发明 + 理想感知（上界）,198,975,1,0.161742,0.575235,0.573256,3399.21,0
E_ideal_sensing,本发明 + 理想感知（上界）,199,976,1,1.15971,0.831449,1.45373,3389.11,0
