band,thrust_scale,controller,success,lateral,speed,residual
1.00,0.9963,baseline,1,1.448,0.79,0.0
1.00,0.9963,residual_rl,1,1.081,0.708,0.23
1.00,0.9851,baseline,1,2.233,0.711,0.0
1.00,0.9851,residual_rl,1,1.193,0.535,0.235
1.00,0.9837,baseline,1,0.766,0.593,0.0
1.00,0.9837,residual_rl,1,0.809,0.596,0.225
1.00,0.9844,baseline,1,0.31,0.609,0.0
1.00,0.9844,residual_rl,1,0.814,0.609,0.231
1.00,0.9804,baseline,1,2.615,0.659,0.0
1.00,0.9804,residual_rl,1,1.893,0.91,0.224
1.00,0.9977,baseline,0,4.061,1.4,0.0
1.00,0.9977,residual_rl,0,3.738,1.184,0.237
1.00,0.9989,baseline,1,0.735,0.611,0.0
1.00,0.9989,residual_rl,1,0.441,0.51,0.232
1.00,0.9839,baseline,1,0.339,0.638,0.0
1.00,0.9839,residual_rl,1,0.461,0.347,0.228
1.00,0.9942,baseline,1,2.78,0.848,0.0
1.00,0.9942,residual_rl,1,2.189,0.917,0.242
1.00,0.9967,baseline,0,67.47,13.788,0.0
1.00,0.9967,residual_rl,0,67.965,13.81,0.297
1.00,0.9905,baseline,0,55.571,10.925,0.0
1.00,0.9905,residual_rl,0,50.848,11.53,0.278
1.00,0.9964,baseline,1,2.501,0.785,0.0
1.00,0.9964,residual_rl,1,2.011,0.642,0.233
1.00,0.9957,baseline,1,2.241,0.759,0.0
1.00,0.9957,residual_rl,1,1.419,0.711,0.233
1.00,0.991,baseline,0,3.462,1.036,0.0
1.00,0.991,residual_rl,0,3.061,1.013,0.244
1.00,0.9856,baseline,1,0.685,0.801,0.0
1.00,0.9856,residual_rl,1,1.352,0.841,0.228
1.00,0.9968,baseline,1,0.599,0.681,0.0
1.00,0.9968,residual_rl,1,0.198,0.673,0.238
1.00,0.9901,baseline,0,64.478,8.58,0.0
1.00,0.9901,residual_rl,0,66.548,8.681,0.286
1.00,0.986,baseline,1,1.759,0.681,0.0
1.00,0.986,residual_rl,1,2.227,0.78,0.237
1.00,0.9883,baseline,0,3.79,1.138,0.0
1.00,0.9883,residual_rl,0,3.922,1.333,0.234
1.00,0.9976,baseline,1,2.196,1.01,0.0
1.00,0.9976,residual_rl,1,1.183,0.759,0.241
1.00,0.985,baseline,0,50.308,6.734,0.0
1.00,0.985,residual_rl,0,51.528,6.792,0.262
1.00,0.9991,baseline,0,37.62,0.724,0.0
1.00,0.9991,residual_rl,0,37.392,0.862,0.263
1.00,0.981,baseline,0,49.865,2.964,0.0
1.00,0.981,residual_rl,0,50.221,3.081,0.277
1.00,0.9935,baseline,0,28.424,1.675,0.0
1.00,0.9935,residual_rl,0,30.18,0.945,0.262
1.00,0.988,baseline,1,2.687,1.167,0.0
1.00,0.988,residual_rl,1,2.465,0.729,0.242
1.00,0.9883,baseline,1,1.997,0.88,0.0
1.00,0.9883,residual_rl,1,1.911,0.654,0.232
1.00,0.9841,baseline,0,3.96,0.878,0.0
1.00,0.9841,residual_rl,0,3.178,0.993,0.238
1.00,0.9818,baseline,1,1.577,0.598,0.0
1.00,0.9818,residual_rl,1,1.992,0.668,0.239
1.00,0.9984,baseline,1,1.102,0.68,0.0
1.00,0.9984,residual_rl,1,1.111,0.59,0.236
1.00,0.9906,baseline,1,0.386,0.679,0.0
1.00,0.9906,residual_rl,1,0.567,0.732,0.222
1.00,0.9866,baseline,1,2.093,0.821,0.0
1.00,0.9866,residual_rl,1,1.802,0.557,0.246
1.00,0.9851,baseline,1,0.84,0.675,0.0
1.00,0.9851,residual_rl,1,0.72,0.654,0.24
1.00,0.9841,baseline,1,2.488,0.815,0.0
1.00,0.9841,residual_rl,1,1.77,0.697,0.232
1.00,0.9923,baseline,0,55.632,11.557,0.0
1.00,0.9923,residual_rl,0,52.632,12.177,0.266
1.00,0.9811,baseline,1,1.08,0.584,0.0
1.00,0.9811,residual_rl,1,0.749,0.603,0.245
1.00,0.9986,baseline,0,3.317,0.902,0.0
1.00,0.9986,residual_rl,0,3.252,0.418,0.229
1.00,0.9844,baseline,1,2.254,0.703,0.0
1.00,0.9844,residual_rl,1,1.86,0.454,0.23
1.00,0.9993,baseline,0,4.417,0.963,0.0
1.00,0.9993,residual_rl,0,3.735,1.169,0.227
1.00,0.9986,baseline,1,1.754,0.706,0.0
1.00,0.9986,residual_rl,1,1.726,0.653,0.241
1.00,0.9906,baseline,1,2.253,0.802,0.0
1.00,0.9906,residual_rl,1,2.887,0.569,0.225
1.00,0.9966,baseline,1,2.235,1.02,0.0
1.00,0.9966,residual_rl,1,2.301,0.776,0.243
1.00,0.9812,baseline,0,58.078,12.492,0.0
1.00,0.9812,residual_rl,0,62.099,12.415,0.282
1.00,0.9861,baseline,1,0.327,0.624,0.0
1.00,0.9861,residual_rl,1,0.912,0.538,0.226
1.00,0.9816,baseline,0,61.249,8.521,0.0
1.00,0.9816,residual_rl,0,55.879,9.25,0.295
1.00,0.9992,baseline,0,5.205,1.444,0.0
1.00,0.9992,residual_rl,0,3.982,1.442,0.227
1.00,0.9884,baseline,1,2.35,0.786,0.0
1.00,0.9884,residual_rl,1,0.793,0.64,0.239
1.00,0.9983,baseline,1,1.638,0.767,0.0
1.00,0.9983,residual_rl,1,2.425,0.703,0.238
1.00,0.9834,baseline,1,1.672,0.736,0.0
1.00,0.9834,residual_rl,1,1.835,0.831,0.235
1.00,0.9916,baseline,1,0.423,0.29,0.0
1.00,0.9916,residual_rl,1,0.243,0.633,0.222
1.00,0.9978,baseline,0,3.232,0.958,0.0
1.00,0.9978,residual_rl,1,2.756,0.912,0.236
1.00,0.9831,baseline,1,0.418,0.667,0.0
1.00,0.9831,residual_rl,1,0.321,0.604,0.228
1.00,0.9873,baseline,0,3.084,1.03,0.0
1.00,0.9873,residual_rl,1,2.694,0.998,0.242
1.00,0.984,baseline,1,2.839,0.561,0.0
1.00,0.984,residual_rl,1,2.905,1.209,0.237
1.00,0.9876,baseline,1,1.026,0.648,0.0
1.00,0.9876,residual_rl,1,0.558,0.474,0.227
1.00,0.9895,baseline,1,2.635,0.963,0.0
1.00,0.9895,residual_rl,0,3.212,1.015,0.239
1.00,0.9829,baseline,1,2.463,0.779,0.0
1.00,0.9829,residual_rl,1,1.886,0.85,0.233
1.00,0.9878,baseline,1,0.367,0.411,0.0
1.00,0.9878,residual_rl,1,0.845,0.494,0.232
1.00,0.9995,baseline,1,1.308,0.749,0.0
1.00,0.9995,residual_rl,1,1.284,0.496,0.245
1.00,0.9979,baseline,1,1.424,0.534,0.0
1.00,0.9979,residual_rl,1,1.249,0.579,0.238
1.00,0.997,baseline,0,3.573,0.724,0.0
1.00,0.997,residual_rl,0,3.27,0.674,0.231
1.00,0.9957,baseline,0,3.956,0.465,0.0
1.00,0.9957,residual_rl,1,2.989,0.679,0.245
1.00,0.9852,baseline,1,1.579,0.792,0.0
1.00,0.9852,residual_rl,1,0.954,0.441,0.228
1.00,0.9935,baseline,1,1.79,0.782,0.0
1.00,0.9935,residual_rl,1,0.908,0.516,0.243
1.00,0.9853,baseline,1,2.036,0.73,0.0
1.00,0.9853,residual_rl,1,2.082,0.912,0.234
1.00,0.9962,baseline,1,1.836,0.756,0.0
1.00,0.9962,residual_rl,1,1.456,0.492,0.23
1.00,0.9894,baseline,1,2.236,0.683,0.0
1.00,0.9894,residual_rl,1,2.509,0.811,0.233
1.00,0.9851,baseline,1,2.588,1.037,0.0
1.00,0.9851,residual_rl,1,2.31,0.94,0.23
1.00,0.9977,baseline,1,0.954,0.712,0.0
1.00,0.9977,residual_rl,1,1.458,0.786,0.245
1.00,0.99,baseline,1,2.702,1.133,0.0
1.00,0.99,residual_rl,1,1.726,0.862,0.233
1.00,0.9955,baseline,1,1.699,0.789,0.0
1.00,0.9955,residual_rl,1,0.923,0.601,0.218
1.00,0.9824,baseline,0,53.924,6.17,0.0
1.00,0.9824,residual_rl,0,59.078,5.628,0.284
1.00,0.9937,baseline,0,7.104,0.767,0.0
1.00,0.9937,residual_rl,0,6.897,0.577,0.249
1.00,0.9849,baseline,0,3.448,0.921,0.0
1.00,0.9849,residual_rl,1,2.477,0.719,0.243
1.00,0.9955,baseline,1,1.327,0.622,0.0
1.00,0.9955,residual_rl,1,1.145,0.711,0.234
1.00,0.9962,baseline,0,55.122,4.844,0.0
1.00,0.9962,residual_rl,0,55.484,5.498,0.271
1.00,0.9867,baseline,1,1.008,0.689,0.0
1.00,0.9867,residual_rl,1,0.945,0.685,0.234
1.00,0.9804,baseline,0,3.149,1.192,0.0
1.00,0.9804,residual_rl,1,2.674,0.745,0.234
1.00,0.9881,baseline,1,1.643,0.548,0.0
1.00,0.9881,residual_rl,1,0.908,0.592,0.243
1.00,0.9881,baseline,0,3.761,1.002,0.0
1.00,0.9881,residual_rl,0,3.84,1.056,0.249
1.00,0.986,baseline,1,2.694,0.842,0.0
1.00,0.986,residual_rl,1,2.698,0.682,0.244
1.00,0.9856,baseline,0,3.213,0.904,0.0
1.00,0.9856,residual_rl,1,2.708,0.746,0.25
1.00,0.9949,baseline,0,6.54,1.634,0.0
1.00,0.9949,residual_rl,0,5.171,1.276,0.246
1.00,0.9814,baseline,0,7.821,2.558,0.0
1.00,0.9814,residual_rl,0,7.124,2.155,0.247
1.00,0.9905,baseline,1,0.192,0.565,0.0
1.00,0.9905,residual_rl,1,0.65,0.598,0.22
1.00,0.9948,baseline,0,53.187,5.079,0.0
1.00,0.9948,residual_rl,0,53.196,5.771,0.286
1.00,0.9842,baseline,0,50.8,6.479,0.0
1.00,0.9842,residual_rl,0,51.904,6.87,0.27
1.00,0.9889,baseline,1,2.195,0.611,0.0
1.00,0.9889,residual_rl,1,2.64,0.718,0.236
1.00,0.9981,baseline,0,3.554,1.201,0.0
1.00,0.9981,residual_rl,1,2.648,0.919,0.248
1.00,0.9952,baseline,1,1.775,0.794,0.0
1.00,0.9952,residual_rl,1,1.551,0.888,0.227
1.00,0.9841,baseline,0,11.103,3.725,0.0
1.00,0.9841,residual_rl,0,13.215,3.826,0.238
1.00,0.991,baseline,0,3.095,0.663,0.0
1.00,0.991,residual_rl,1,2.123,0.557,0.24
1.00,0.9833,baseline,0,4.506,1.558,0.0
1.00,0.9833,residual_rl,0,4.05,1.327,0.228
1.00,0.9975,baseline,1,0.41,0.704,0.0
1.00,0.9975,residual_rl,1,0.773,0.63,0.228
1.00,0.9978,baseline,0,3.142,0.569,0.0
1.00,0.9978,residual_rl,0,3.248,0.624,0.228
1.00,0.9829,baseline,0,3.325,1.187,0.0
1.00,0.9829,residual_rl,1,2.874,1.05,0.258
1.00,0.9979,baseline,1,2.987,0.733,0.0
1.00,0.9979,residual_rl,1,2.866,0.755,0.232
1.00,0.9865,baseline,1,1.482,0.734,0.0
1.00,0.9865,residual_rl,1,1.42,0.721,0.23
1.00,0.9856,baseline,1,1.413,0.844,0.0
1.00,0.9856,residual_rl,1,1.476,0.556,0.235
1.00,0.9937,baseline,0,14.879,3.868,0.0
1.00,0.9937,residual_rl,0,19.084,2.894,0.242
1.00,0.9851,baseline,0,38.337,0.536,0.0
1.00,0.9851,residual_rl,0,41.792,0.746,0.272
0.94-0.98,0.9726,baseline,1,1.978,0.626,0.0
0.94-0.98,0.9726,residual_rl,1,1.246,0.49,0.233
0.94-0.98,0.9501,baseline,1,1.454,0.588,0.0
0.94-0.98,0.9501,residual_rl,1,1.906,0.695,0.236
0.94-0.98,0.9474,baseline,1,0.551,0.388,0.0
0.94-0.98,0.9474,residual_rl,1,0.648,0.686,0.221
0.94-0.98,0.9487,baseline,1,0.599,0.684,0.0
0.94-0.98,0.9487,residual_rl,1,0.249,0.723,0.231
0.94-0.98,0.9407,baseline,0,3.082,0.916,0.0
0.94-0.98,0.9407,residual_rl,1,2.473,1.01,0.223
0.94-0.98,0.9754,baseline,0,3.888,1.534,0.0
0.94-0.98,0.9754,residual_rl,0,3.462,1.102,0.237
0.94-0.98,0.9778,baseline,1,0.807,0.421,0.0
0.94-0.98,0.9778,residual_rl,1,0.827,0.6,0.231
0.94-0.98,0.9477,baseline,1,0.883,0.476,0.0
0.94-0.98,0.9477,residual_rl,1,0.685,0.491,0.228
0.94-0.98,0.9683,baseline,1,2.528,1.081,0.0
0.94-0.98,0.9683,residual_rl,1,2.237,0.685,0.245
0.94-0.98,0.9733,baseline,0,64.513,14.562,0.0
0.94-0.98,0.9733,residual_rl,0,66.865,14.266,0.294
0.94-0.98,0.9611,baseline,0,53.092,12.123,0.0
0.94-0.98,0.9611,residual_rl,0,47.809,12.782,0.284
0.94-0.98,0.9728,baseline,1,2.951,0.692,0.0
0.94-0.98,0.9728,residual_rl,1,2.035,0.524,0.232
0.94-0.98,0.9713,baseline,1,1.937,0.767,0.0
0.94-0.98,0.9713,residual_rl,1,1.486,0.676,0.233
0.94-0.98,0.962,baseline,0,3.763,1.102,0.0
0.94-0.98,0.962,residual_rl,0,3.322,0.824,0.246
0.94-0.98,0.9513,baseline,1,1.613,0.571,0.0
0.94-0.98,0.9513,residual_rl,1,1.361,0.527,0.223
0.94-0.98,0.9736,baseline,1,0.987,0.452,0.0
0.94-0.98,0.9736,residual_rl,1,0.213,0.284,0.23
0.94-0.98,0.9602,baseline,0,64.662,9.766,0.0
0.94-0.98,0.9602,residual_rl,0,65.502,10.129,0.288
0.94-0.98,0.952,baseline,1,2.244,0.721,0.0
0.94-0.98,0.952,residual_rl,1,2.031,0.707,0.238
0.94-0.98,0.9566,baseline,0,4.593,1.11,0.0
0.94-0.98,0.9566,residual_rl,0,3.595,1.33,0.235
0.94-0.98,0.9751,baseline,1,2.916,0.897,0.0
0.94-0.98,0.9751,residual_rl,1,1.888,0.873,0.241
0.94-0.98,0.95,baseline,0,52.179,8.279,0.0
0.94-0.98,0.95,residual_rl,0,54.395,7.909,0.269
0.94-0.98,0.9782,baseline,0,42.871,1.727,0.0
0.94-0.98,0.9782,residual_rl,0,37.124,0.672,0.26
0.94-0.98,0.942,baseline,0,56.426,5.437,0.0
0.94-0.98,0.942,residual_rl,0,54.834,5.91,0.281
0.94-0.98,0.9671,baseline,0,35.722,0.829,0.0
0.94-0.98,0.9671,residual_rl,0,36.189,1.071,0.261
0.94-0.98,0.9561,baseline,0,3.317,1.13,0.0
0.94-0.98,0.9561,residual_rl,0,3.293,1.279,0.241
0.94-0.98,0.9566,baseline,1,2.77,0.931,0.0
0.94-0.98,0.9566,residual_rl,1,1.981,0.819,0.233
0.94-0.98,0.9481,baseline,0,4.104,1.529,0.0
0.94-0.98,0.9481,residual_rl,0,3.34,0.66,0.238
0.94-0.98,0.9436,baseline,1,1.518,0.43,0.0
0.94-0.98,0.9436,residual_rl,1,1.426,0.502,0.242
0.94-0.98,0.9769,baseline,1,1.856,0.613,0.0
0.94-0.98,0.9769,residual_rl,1,1.854,0.718,0.233
0.94-0.98,0.9611,baseline,1,0.584,0.701,0.0
0.94-0.98,0.9611,residual_rl,1,0.123,0.615,0.219
0.94-0.98,0.9531,baseline,1,1.566,0.855,0.0
0.94-0.98,0.9531,residual_rl,1,2.181,0.521,0.244
0.94-0.98,0.9503,baseline,1,0.243,0.561,0.0
0.94-0.98,0.9503,residual_rl,1,0.316,0.632,0.241
0.94-0.98,0.9481,baseline,1,2.596,0.53,0.0
0.94-0.98,0.9481,residual_rl,1,2.047,0.631,0.235
0.94-0.98,0.9646,baseline,0,55.419,12.573,0.0
0.94-0.98,0.9646,residual_rl,0,54.411,12.979,0.275
0.94-0.98,0.9422,baseline,1,0.885,0.681,0.0
0.94-0.98,0.9422,residual_rl,1,0.745,0.632,0.245
0.94-0.98,0.9772,baseline,0,3.839,1.218,0.0
0.94-0.98,0.9772,residual_rl,0,3.269,0.735,0.23
0.94-0.98,0.9488,baseline,1,2.531,0.536,0.0
0.94-0.98,0.9488,residual_rl,1,1.886,0.727,0.23
0.94-0.98,0.9786,baseline,0,4.321,1.04,0.0
0.94-0.98,0.9786,residual_rl,0,3.87,0.933,0.23
0.94-0.98,0.9773,baseline,1,2.439,0.75,0.0
0.94-0.98,0.9773,residual_rl,1,1.127,0.636,0.244
0.94-0.98,0.9612,baseline,1,2.99,1.109,0.0
0.94-0.98,0.9612,residual_rl,1,2.457,0.874,0.225
0.94-0.98,0.9732,baseline,1,2.52,1.037,0.0
0.94-0.98,0.9732,residual_rl,1,2.637,0.912,0.245
0.94-0.98,0.9424,baseline,0,48.587,14.382,0.0
0.94-0.98,0.9424,residual_rl,0,55.193,13.987,0.285
0.94-0.98,0.9521,baseline,1,0.786,0.53,0.0
0.94-0.98,0.9521,residual_rl,1,0.98,0.723,0.228
0.94-0.98,0.9432,baseline,0,57.72,10.713,0.0
0.94-0.98,0.9432,residual_rl,0,57.093,10.629,0.293
0.94-0.98,0.9784,baseline,0,5.669,1.348,0.0
0.94-0.98,0.9784,residual_rl,0,4.403,1.536,0.227
0.94-0.98,0.9567,baseline,1,2.117,0.66,0.0
0.94-0.98,0.9567,residual_rl,1,1.542,0.521,0.237
0.94-0.98,0.9766,baseline,1,1.768,0.657,0.0
0.94-0.98,0.9766,residual_rl,1,1.729,0.852,0.236
0.94-0.98,0.9468,baseline,1,2.098,0.723,0.0
0.94-0.98,0.9468,residual_rl,1,1.889,0.989,0.236
0.94-0.98,0.9632,baseline,1,0.186,0.696,0.0
0.94-0.98,0.9632,residual_rl,1,0.738,0.609,0.224
0.94-0.98,0.9756,baseline,1,2.794,0.978,0.0
0.94-0.98,0.9756,residual_rl,0,3.011,0.903,0.235
0.94-0.98,0.9462,baseline,1,0.415,0.542,0.0
0.94-0.98,0.9462,residual_rl,1,0.444,0.466,0.23
0.94-0.98,0.9546,baseline,0,6.15,1.918,0.0
0.94-0.98,0.9546,residual_rl,0,5.795,2.367,0.251
0.94-0.98,0.9481,baseline,0,4.006,1.156,0.0
0.94-0.98,0.9481,residual_rl,1,2.943,0.814,0.239
0.94-0.98,0.9551,baseline,1,1.016,0.561,0.0
0.94-0.98,0.9551,residual_rl,1,0.693,0.648,0.227
0.94-0.98,0.959,baseline,0,4.137,1.243,0.0
0.94-0.98,0.959,residual_rl,0,3.519,1.229,0.243
0.94-0.98,0.9457,baseline,1,0.944,0.699,0.0
0.94-0.98,0.9457,residual_rl,1,1.016,0.8,0.233
0.94-0.98,0.9556,baseline,1,0.552,0.636,0.0
0.94-0.98,0.9556,residual_rl,1,0.298,0.641,0.232
0.94-0.98,0.9789,baseline,1,1.739,0.632,0.0
0.94-0.98,0.9789,residual_rl,1,1.232,0.687,0.243
0.94-0.98,0.9759,baseline,1,1.035,0.665,0.0
0.94-0.98,0.9759,residual_rl,1,0.673,0.719,0.237
0.94-0.98,0.974,baseline,0,3.716,0.855,0.0
0.94-0.98,0.974,residual_rl,0,3.223,1.014,0.231
0.94-0.98,0.9715,baseline,0,3.05,0.663,0.0
0.94-0.98,0.9715,residual_rl,0,3.371,0.548,0.246
0.94-0.98,0.9504,baseline,1,1.575,0.731,0.0
0.94-0.98,0.9504,residual_rl,1,0.61,0.795,0.228
0.94-0.98,0.967,baseline,1,1.127,0.583,0.0
0.94-0.98,0.967,residual_rl,1,0.62,0.608,0.244
0.94-0.98,0.9505,baseline,1,2.905,0.928,0.0
0.94-0.98,0.9505,residual_rl,1,2.985,0.871,0.234
0.94-0.98,0.9724,baseline,1,2.659,0.799,0.0
0.94-0.98,0.9724,residual_rl,1,2.329,0.662,0.227
0.94-0.98,0.9587,baseline,1,2.972,0.991,0.0
0.94-0.98,0.9587,residual_rl,1,1.959,0.761,0.232
0.94-0.98,0.9502,baseline,1,2.947,1.132,0.0
0.94-0.98,0.9502,residual_rl,0,3.017,0.83,0.233
0.94-0.98,0.9754,baseline,1,1.288,0.742,0.0
0.94-0.98,0.9754,residual_rl,1,0.804,0.574,0.248
0.94-0.98,0.96,baseline,1,2.998,0.921,0.0
0.94-0.98,0.96,residual_rl,1,2.758,0.875,0.234
0.94-0.98,0.9711,baseline,1,0.947,0.823,0.0
0.94-0.98,0.9711,residual_rl,1,1.384,0.7,0.219
0.94-0.98,0.9448,baseline,0,59.471,7.867,0.0
0.94-0.98,0.9448,residual_rl,0,55.186,8.954,0.29
0.94-0.98,0.9675,baseline,0,5.999,0.712,0.0
0.94-0.98,0.9675,residual_rl,0,6.065,0.645,0.252
0.94-0.98,0.9499,baseline,1,2.407,0.814,0.0
0.94-0.98,0.9499,residual_rl,0,4.043,1.416,0.25
0.94-0.98,0.9709,baseline,1,1.246,0.792,0.0
0.94-0.98,0.9709,residual_rl,1,1.125,0.836,0.233
0.94-0.98,0.9723,baseline,0,55.052,6.669,0.0
0.94-0.98,0.9723,residual_rl,0,55.837,6.894,0.28
0.94-0.98,0.9534,baseline,1,0.736,0.76,0.0
0.94-0.98,0.9534,residual_rl,1,0.924,0.51,0.233
0.94-0.98,0.9408,baseline,0,3.182,1.297,0.0
0.94-0.98,0.9408,residual_rl,0,3.461,1.137,0.234
0.94-0.98,0.9562,baseline,1,1.096,0.548,0.0
0.94-0.98,0.9562,residual_rl,1,1.225,0.638,0.24
0.94-0.98,0.9562,baseline,0,4.508,1.442,0.0
0.94-0.98,0.9562,residual_rl,0,3.903,1.23,0.244
0.94-0.98,0.952,baseline,1,2.655,1.092,0.0
0.94-0.98,0.952,residual_rl,1,2.19,0.688,0.247
0.94-0.98,0.9512,baseline,0,3.204,0.616,0.0
0.94-0.98,0.9512,residual_rl,1,1.902,0.789,0.254
0.94-0.98,0.9698,baseline,0,6.435,2.132,0.0
0.94-0.98,0.9698,residual_rl,0,8.268,2.743,0.246
0.94-0.98,0.9428,baseline,0,10.117,3.742,0.0
0.94-0.98,0.9428,residual_rl,0,11.105,3.781,0.253
0.94-0.98,0.9609,baseline,1,0.57,0.61,0.0
0.94-0.98,0.9609,residual_rl,1,0.21,0.549,0.224
0.94-0.98,0.9696,baseline,0,49.725,7.051,0.0
0.94-0.98,0.9696,residual_rl,0,56.076,5.903,0.3
0.94-0.98,0.9484,baseline,0,49.077,8.928,0.0
0.94-0.98,0.9484,residual_rl,0,45.896,9.79,0.281
0.94-0.98,0.9578,baseline,1,2.426,0.78,0.0
0.94-0.98,0.9578,residual_rl,1,2.952,0.578,0.236
0.94-0.98,0.9762,baseline,1,2.955,1.142,0.0
0.94-0.98,0.9762,residual_rl,1,2.337,1.183,0.247
0.94-0.98,0.9704,baseline,1,2.402,0.897,0.0
0.94-0.98,0.9704,residual_rl,1,1.605,0.925,0.225
0.94-0.98,0.9481,baseline,0,23.288,1.062,0.0
0.94-0.98,0.9481,residual_rl,0,24.262,1.243,0.242
0.94-0.98,0.9619,baseline,0,3.005,0.692,0.0
0.94-0.98,0.9619,residual_rl,1,2.501,0.647,0.237
0.94-0.98,0.9467,baseline,0,5.941,1.767,0.0
0.94-0.98,0.9467,residual_rl,0,5.013,1.534,0.225
0.94-0.98,0.9749,baseline,1,0.391,0.579,0.0
0.94-0.98,0.9749,residual_rl,1,0.384,0.545,0.227
0.94-0.98,0.9756,baseline,1,2.773,0.744,0.0
0.94-0.98,0.9756,residual_rl,1,2.347,0.673,0.229
0.94-0.98,0.9457,baseline,0,6.785,2.294,0.0
0.94-0.98,0.9457,residual_rl,0,9.943,3.514,0.276
0.94-0.98,0.9757,baseline,0,3.236,0.684,0.0
0.94-0.98,0.9757,residual_rl,1,2.793,0.599,0.233
0.94-0.98,0.9531,baseline,1,1.771,0.897,0.0
0.94-0.98,0.9531,residual_rl,1,1.066,0.879,0.224
0.94-0.98,0.9512,baseline,1,1.875,0.967,0.0
0.94-0.98,0.9512,residual_rl,1,0.942,0.821,0.237
0.94-0.98,0.9674,baseline,0,27.262,1.346,0.0
0.94-0.98,0.9674,residual_rl,0,27.218,1.906,0.248
0.94-0.98,0.9503,baseline,0,46.332,1.856,0.0
0.94-0.98,0.9503,residual_rl,0,48.235,2.498,0.276
0.90-0.94,0.9326,baseline,1,0.801,0.334,0.0
0.90-0.94,0.9326,residual_rl,1,0.576,0.541,0.236
0.90-0.94,0.9101,baseline,1,1.97,0.544,0.0
0.90-0.94,0.9101,residual_rl,1,1.754,0.545,0.239
0.90-0.94,0.9074,baseline,1,0.535,0.326,0.0
0.90-0.94,0.9074,residual_rl,1,0.741,0.666,0.22
0.90-0.94,0.9087,baseline,1,0.124,0.294,0.0
0.90-0.94,0.9087,residual_rl,1,0.637,0.679,0.228
0.90-0.94,0.9007,baseline,1,2.824,0.875,0.0
0.90-0.94,0.9007,residual_rl,1,2.634,0.915,0.224
0.90-0.94,0.9354,baseline,0,4.182,1.315,0.0
0.90-0.94,0.9354,residual_rl,0,3.631,1.426,0.237
0.90-0.94,0.9378,baseline,1,0.407,0.688,0.0
0.90-0.94,0.9378,residual_rl,1,0.79,0.683,0.231
0.90-0.94,0.9077,baseline,1,0.553,0.351,0.0
0.90-0.94,0.9077,residual_rl,1,0.075,0.335,0.226
0.90-0.94,0.9283,baseline,0,3.813,1.477,0.0
0.90-0.94,0.9283,residual_rl,1,2.658,1.003,0.245
0.90-0.94,0.9333,baseline,0,56.25,16.201,0.0
0.90-0.94,0.9333,residual_rl,0,58.646,16.123,0.296
0.90-0.94,0.9211,baseline,0,42.482,14.477,0.0
0.90-0.94,0.9211,residual_rl,0,42.135,14.586,0.282
0.90-0.94,0.9328,baseline,1,2.374,0.545,0.0
0.90-0.94,0.9328,residual_rl,1,2.229,0.542,0.233
0.90-0.94,0.9313,baseline,1,1.804,0.759,0.0
0.90-0.94,0.9313,residual_rl,1,2.016,0.69,0.231
0.90-0.94,0.922,baseline,0,3.579,1.274,0.0
0.90-0.94,0.922,residual_rl,0,4.282,1.421,0.249
0.90-0.94,0.9113,baseline,1,2.264,0.735,0.0
0.90-0.94,0.9113,residual_rl,1,2.559,0.724,0.239
0.90-0.94,0.9336,baseline,1,0.642,0.289,0.0
0.90-0.94,0.9336,residual_rl,1,0.347,0.581,0.229
0.90-0.94,0.9202,baseline,0,59.521,11.968,0.0
0.90-0.94,0.9202,residual_rl,0,65.986,11.763,0.292
0.90-0.94,0.912,baseline,1,2.166,0.785,0.0
0.90-0.94,0.912,residual_rl,1,2.349,0.846,0.239
0.90-0.94,0.9166,baseline,0,4.631,1.115,0.0
0.90-0.94,0.9166,residual_rl,0,4.18,1.052,0.24
0.90-0.94,0.9351,baseline,0,3.067,0.88,0.0
0.90-0.94,0.9351,residual_rl,1,2.19,0.884,0.243
0.90-0.94,0.91,baseline,0,47.981,10.347,0.0
0.90-0.94,0.91,residual_rl,0,47.893,10.407,0.284
0.90-0.94,0.9382,baseline,0,45.595,4.746,0.0
0.90-0.94,0.9382,residual_rl,0,49.455,3.934,0.288
0.90-0.94,0.902,baseline,0,58.395,7.598,0.0
0.90-0.94,0.902,residual_rl,0,61.55,7.566,0.302
0.90-0.94,0.9271,baseline,0,45.406,2.995,0.0
0.90-0.94,0.9271,residual_rl,0,46.3,3.841,0.285
0.90-0.94,0.9161,baseline,0,3.694,1.374,0.0
0.90-0.94,0.9161,residual_rl,0,4.07,1.708,0.242
0.90-0.94,0.9166,baseline,0,3.075,0.983,0.0
0.90-0.94,0.9166,residual_rl,1,2.034,0.984,0.235
0.90-0.94,0.9081,baseline,0,7.888,2.85,0.0
0.90-0.94,0.9081,residual_rl,0,6.41,2.287,0.257
0.90-0.94,0.9036,baseline,1,1.101,0.586,0.0
0.90-0.94,0.9036,residual_rl,1,1.535,0.459,0.243
0.90-0.94,0.9369,baseline,1,1.705,0.711,0.0
0.90-0.94,0.9369,residual_rl,1,1.624,0.654,0.234
0.90-0.94,0.9211,baseline,1,0.499,0.616,0.0
0.90-0.94,0.9211,residual_rl,1,0.146,0.657,0.223
0.90-0.94,0.9131,baseline,1,2.235,0.947,0.0
0.90-0.94,0.9131,residual_rl,1,2.438,0.754,0.246
0.90-0.94,0.9103,baseline,1,0.288,0.627,0.0
0.90-0.94,0.9103,residual_rl,1,0.6,0.657,0.24
0.90-0.94,0.9081,baseline,1,1.959,0.588,0.0
0.90-0.94,0.9081,residual_rl,1,0.961,0.5,0.234
0.90-0.94,0.9246,baseline,0,44.777,14.84,0.0
0.90-0.94,0.9246,residual_rl,0,45.405,15.044,0.281
0.90-0.94,0.9022,baseline,1,1.018,0.424,0.0
0.90-0.94,0.9022,residual_rl,1,0.745,0.677,0.24
0.90-0.94,0.9372,baseline,0,3.955,1.613,0.0
0.90-0.94,0.9372,residual_rl,0,3.373,0.966,0.23
0.90-0.94,0.9088,baseline,1,2.055,0.578,0.0
0.90-0.94,0.9088,residual_rl,1,2.57,0.7,0.234
0.90-0.94,0.9386,baseline,0,4.692,0.972,0.0
0.90-0.94,0.9386,residual_rl,0,3.885,1.231,0.234
0.90-0.94,0.9373,baseline,1,2.079,0.458,0.0
0.90-0.94,0.9373,residual_rl,1,0.876,0.764,0.244
0.90-0.94,0.9212,baseline,0,3.395,1.167,0.0
0.90-0.94,0.9212,residual_rl,0,3.129,0.893,0.227
0.90-0.94,0.9332,baseline,1,2.693,1.111,0.0
0.90-0.94,0.9332,residual_rl,1,2.725,0.991,0.248
0.90-0.94,0.9024,baseline,0,42.797,16.012,0.0
0.90-0.94,0.9024,residual_rl,0,55.212,14.948,0.301
0.90-0.94,0.9121,baseline,1,0.446,0.515,0.0
0.90-0.94,0.9121,residual_rl,1,1.137,0.432,0.226
0.90-0.94,0.9032,baseline,0,55.299,11.929,0.0
0.90-0.94,0.9032,residual_rl,0,52.518,12.278,0.298
0.90-0.94,0.9384,baseline,0,5.992,1.109,0.0
0.90-0.94,0.9384,residual_rl,0,4.71,1.376,0.228
0.90-0.94,0.9167,baseline,1,2.502,0.827,0.0
0.90-0.94,0.9167,residual_rl,1,1.361,0.34,0.236
0.90-0.94,0.9366,baseline,1,2.162,0.677,0.0
0.90-0.94,0.9366,residual_rl,1,1.572,0.483,0.238
0.90-0.94,0.9068,baseline,1,2.543,0.839,0.0
0.90-0.94,0.9068,residual_rl,1,2.02,0.739,0.239
0.90-0.94,0.9232,baseline,1,0.289,0.597,0.0
0.90-0.94,0.9232,residual_rl,1,0.148,0.582,0.221
0.90-0.94,0.9356,baseline,0,3.34,1.04,0.0
0.90-0.94,0.9356,residual_rl,0,3.732,1.121,0.236
0.90-0.94,0.9062,baseline,1,0.626,0.617,0.0
0.90-0.94,0.9062,residual_rl,1,0.582,0.325,0.225
0.90-0.94,0.9146,baseline,0,16.109,1.958,0.0
0.90-0.94,0.9146,residual_rl,0,17.983,1.375,0.256
0.90-0.94,0.9081,baseline,0,3.789,1.79,0.0
0.90-0.94,0.9081,residual_rl,0,3.628,1.112,0.241
0.90-0.94,0.9151,baseline,1,0.388,0.682,0.0
0.90-0.94,0.9151,residual_rl,1,0.119,0.294,0.223
0.90-0.94,0.919,baseline,0,8.423,2.772,0.0
0.90-0.94,0.919,residual_rl,0,9.12,3.17,0.255
0.90-0.94,0.9057,baseline,1,0.951,0.296,0.0
0.90-0.94,0.9057,residual_rl,1,0.812,0.596,0.23
0.90-0.94,0.9156,baseline,1,0.293,0.682,0.0
0.90-0.94,0.9156,residual_rl,1,0.697,0.622,0.23
0.90-0.94,0.9389,baseline,1,1.61,0.701,0.0
0.90-0.94,0.9389,residual_rl,1,1.627,0.521,0.241
0.90-0.94,0.9359,baseline,1,1.131,0.669,0.0
0.90-0.94,0.9359,residual_rl,1,0.504,0.635,0.234
0.90-0.94,0.934,baseline,0,3.725,1.564,0.0
0.90-0.94,0.934,residual_rl,0,3.329,0.916,0.233
0.90-0.94,0.9315,baseline,1,2.85,0.717,0.0
0.90-0.94,0.9315,residual_rl,0,3.005,0.821,0.243
0.90-0.94,0.9104,baseline,1,1.84,0.655,0.0
0.90-0.94,0.9104,residual_rl,1,0.12,0.582,0.229
0.90-0.94,0.927,baseline,1,1.369,0.553,0.0
0.90-0.94,0.927,residual_rl,1,1.026,0.627,0.246
0.90-0.94,0.9105,baseline,1,2.891,0.772,0.0
0.90-0.94,0.9105,residual_rl,0,3.33,0.94,0.24
0.90-0.94,0.9324,baseline,1,2.312,0.797,0.0
0.90-0.94,0.9324,residual_rl,1,2.196,0.841,0.225
0.90-0.94,0.9187,baseline,1,2.835,1.016,0.0
0.90-0.94,0.9187,residual_rl,1,2.281,0.819,0.236
0.90-0.94,0.9102,baseline,0,3.425,0.775,0.0
0.90-0.94,0.9102,residual_rl,1,2.373,0.903,0.237
0.90-0.94,0.9354,baseline,0,4.141,1.463,0.0
0.90-0.94,0.9354,residual_rl,0,6.054,2.119,0.258
0.90-0.94,0.92,baseline,0,3.03,0.982,0.0
0.90-0.94,0.92,residual_rl,1,2.126,0.743,0.24
0.90-0.94,0.9311,baseline,1,1.114,0.67,0.0
0.90-0.94,0.9311,residual_rl,1,0.641,0.74,0.22
0.90-0.94,0.9048,baseline,0,54.939,9.939,0.0
0.90-0.94,0.9048,residual_rl,0,50.873,10.865,0.304
0.90-0.94,0.9275,baseline,0,6.235,1.403,0.0
0.90-0.94,0.9275,residual_rl,0,5.356,1.323,0.256
0.90-0.94,0.9099,baseline,0,11.824,4.021,0.0
0.90-0.94,0.9099,residual_rl,0,14.874,3.497,0.28
0.90-0.94,0.9309,baseline,1,0.979,0.59,0.0
0.90-0.94,0.9309,residual_rl,1,0.998,0.674,0.232
0.90-0.94,0.9323,baseline,0,56.91,8.828,0.0
0.90-0.94,0.9323,residual_rl,0,59.146,8.737,0.287
0.90-0.94,0.9134,baseline,1,0.368,0.545,0.0
0.90-0.94,0.9134,residual_rl,1,0.785,0.396,0.233
0.90-0.94,0.9008,baseline,0,5.42,1.791,0.0
0.90-0.94,0.9008,residual_rl,0,3.655,1.36,0.239
0.90-0.94,0.9162,baseline,1,1.303,0.837,0.0
0.90-0.94,0.9162,residual_rl,1,0.902,0.668,0.247
0.90-0.94,0.9162,baseline,0,5.661,1.432,0.0
0.90-0.94,0.9162,residual_rl,0,5.221,1.537,0.244
0.90-0.94,0.912,baseline,0,3.32,1.349,0.0
0.90-0.94,0.912,residual_rl,1,2.797,0.908,0.252
0.90-0.94,0.9112,baseline,0,3.547,0.767,0.0
0.90-0.94,0.9112,residual_rl,1,2.487,0.754,0.265
0.90-0.94,0.9298,baseline,0,18.38,3.102,0.0
0.90-0.94,0.9298,residual_rl,0,20.878,2.825,0.256
0.90-0.94,0.9028,baseline,0,23.613,2.083,0.0
0.90-0.94,0.9028,residual_rl,0,25.677,2.395,0.272
0.90-0.94,0.9209,baseline,1,0.638,0.437,0.0
0.90-0.94,0.9209,residual_rl,1,0.215,0.649,0.223
0.90-0.94,0.9296,baseline,0,53.675,8.454,0.0
0.90-0.94,0.9296,residual_rl,0,48.004,9.603,0.3
0.90-0.94,0.9084,baseline,0,54.552,10.104,0.0
0.90-0.94,0.9084,residual_rl,0,51.993,10.974,0.3
0.90-0.94,0.9178,baseline,1,2.175,0.639,0.0
0.90-0.94,0.9178,residual_rl,1,2.33,0.506,0.236
0.90-0.94,0.9362,baseline,0,3.687,1.276,0.0
0.90-0.94,0.9362,residual_rl,1,2.839,1.128,0.248
0.90-0.94,0.9304,baseline,1,2.192,0.846,0.0
0.90-0.94,0.9304,residual_rl,1,1.142,0.643,0.229
0.90-0.94,0.9081,baseline,0,33.42,1.262,0.0
0.90-0.94,0.9081,residual_rl,0,35.415,1.557,0.26
0.90-0.94,0.9219,baseline,0,3.121,0.775,0.0
0.90-0.94,0.9219,residual_rl,1,2.637,1.156,0.239
0.90-0.94,0.9067,baseline,0,6.717,1.507,0.0
0.90-0.94,0.9067,residual_rl,0,5.631,1.521,0.231
0.90-0.94,0.9349,baseline,1,0.269,0.463,0.0
0.90-0.94,0.9349,residual_rl,1,0.197,0.619,0.225
0.90-0.94,0.9356,baseline,0,3.16,1.201,0.0
0.90-0.94,0.9356,residual_rl,0,3.084,0.889,0.229
0.90-0.94,0.9057,baseline,0,21.908,1.591,0.0
0.90-0.94,0.9057,residual_rl,0,23.558,1.1,0.281
0.90-0.94,0.9357,baseline,1,2.317,0.549,0.0
0.90-0.94,0.9357,residual_rl,1,2.089,0.539,0.234
0.90-0.94,0.9131,baseline,1,2.571,0.764,0.0
0.90-0.94,0.9131,residual_rl,1,1.624,0.771,0.231
0.90-0.94,0.9112,baseline,1,2.569,1.004,0.0
0.90-0.94,0.9112,residual_rl,1,1.61,0.831,0.239
0.90-0.94,0.9274,baseline,0,36.634,1.005,0.0
0.90-0.94,0.9274,residual_rl,0,36.802,0.968,0.26
0.90-0.94,0.9103,baseline,0,51.121,4.141,0.0
0.90-0.94,0.9103,residual_rl,0,53.949,4.38,0.301
0.86-0.90,0.8926,baseline,1,0.779,0.527,0.0
0.86-0.90,0.8926,residual_rl,1,0.813,0.276,0.229
0.86-0.90,0.8701,baseline,1,1.787,0.93,0.0
0.86-0.90,0.8701,residual_rl,1,1.031,1.149,0.239
0.86-0.90,0.8674,baseline,1,0.631,0.507,0.0
0.86-0.90,0.8674,residual_rl,1,0.911,0.389,0.217
0.86-0.90,0.8687,baseline,1,0.716,0.225,0.0
0.86-0.90,0.8687,residual_rl,1,0.189,0.384,0.228
0.86-0.90,0.8607,baseline,1,2.399,1.074,0.0
0.86-0.90,0.8607,residual_rl,1,2.322,1.278,0.22
0.86-0.90,0.8954,baseline,0,5.554,0.788,0.0
0.86-0.90,0.8954,residual_rl,0,4.359,1.208,0.246
0.86-0.90,0.8978,baseline,1,0.987,0.585,0.0
0.86-0.90,0.8978,residual_rl,1,0.568,0.584,0.231
0.86-0.90,0.8677,baseline,1,0.392,1.764,0.0
0.86-0.90,0.8677,residual_rl,1,0.256,0.594,0.224
0.86-0.90,0.8883,baseline,0,3.573,1.242,0.0
0.86-0.90,0.8883,residual_rl,0,3.634,1.496,0.254
0.86-0.90,0.8933,baseline,0,40.392,18.432,0.0
0.86-0.90,0.8933,residual_rl,0,46.731,18.112,0.307
0.86-0.90,0.8811,baseline,0,23.259,17.459,0.0
0.86-0.90,0.8811,residual_rl,0,32.846,16.416,0.289
0.86-0.90,0.8928,baseline,1,2.304,0.644,0.0
0.86-0.90,0.8928,residual_rl,1,2.307,0.639,0.233
0.86-0.90,0.8913,baseline,1,2.649,1.23,0.0
0.86-0.90,0.8913,residual_rl,1,2.029,0.76,0.232
0.86-0.90,0.882,baseline,0,5.186,1.921,0.0
0.86-0.90,0.882,residual_rl,0,5.325,1.849,0.275
0.86-0.90,0.8713,baseline,1,2.452,0.909,0.0
0.86-0.90,0.8713,residual_rl,1,2.204,0.976,0.245
0.86-0.90,0.8936,baseline,1,0.383,0.277,0.0
0.86-0.90,0.8936,residual_rl,1,0.403,0.435,0.229
0.86-0.90,0.8802,baseline,0,50.647,14.201,0.0
0.86-0.90,0.8802,residual_rl,0,55.428,14.249,0.298
0.86-0.90,0.872,baseline,1,2.748,1.631,0.0
0.86-0.90,0.872,residual_rl,1,2.387,0.928,0.245
0.86-0.90,0.8766,baseline,0,4.171,0.634,0.0
0.86-0.90,0.8766,residual_rl,0,4.333,0.709,0.245
0.86-0.90,0.8951,baseline,0,3.921,1.224,0.0
0.86-0.90,0.8951,residual_rl,0,3.123,1.068,0.252
0.86-0.90,0.87,baseline,0,38.593,12.979,0.0
0.86-0.90,0.87,residual_rl,0,37.258,13.396,0.299
0.86-0.90,0.8982,baseline,0,51.53,7.238,0.0
0.86-0.90,0.8982,residual_rl,0,54.993,6.728,0.311
0.86-0.90,0.862,baseline,0,58.51,10.026,0.0
0.86-0.90,0.862,residual_rl,0,52.471,11.412,0.309
0.86-0.90,0.8871,baseline,0,46.081,7.052,0.0
0.86-0.90,0.8871,residual_rl,0,51.223,5.892,0.298
0.86-0.90,0.8761,baseline,0,5.738,1.566,0.0
0.86-0.90,0.8761,residual_rl,0,3.869,1.446,0.251
0.86-0.90,0.8766,baseline,0,3.301,1.036,0.0
0.86-0.90,0.8766,residual_rl,1,2.335,1.269,0.243
0.86-0.90,0.8681,baseline,0,22.837,1.901,0.0
0.86-0.90,0.8681,residual_rl,0,23.321,2.159,0.274
0.86-0.90,0.8636,baseline,1,2.015,1.723,0.0
0.86-0.90,0.8636,residual_rl,1,1.685,0.893,0.244
0.86-0.90,0.8969,baseline,1,1.581,0.825,0.0
0.86-0.90,0.8969,residual_rl,1,1.306,0.638,0.237
0.86-0.90,0.8811,baseline,1,0.553,0.622,0.0
0.86-0.90,0.8811,residual_rl,1,0.372,0.579,0.22
0.86-0.90,0.8731,baseline,1,2.601,1.075,0.0
0.86-0.90,0.8731,residual_rl,1,2.072,0.676,0.25
0.86-0.90,0.8703,baseline,1,0.142,0.406,0.0
0.86-0.90,0.8703,residual_rl,1,0.239,0.927,0.237
0.86-0.90,0.8681,baseline,1,1.143,1.085,0.0
0.86-0.90,0.8681,residual_rl,1,0.655,0.693,0.232
0.86-0.90,0.8846,baseline,0,44.361,16.002,0.0
0.86-0.90,0.8846,residual_rl,0,33.882,16.83,0.295
0.86-0.90,0.8622,baseline,1,1.121,0.4,0.0
0.86-0.90,0.8622,residual_rl,1,0.899,0.355,0.238
0.86-0.90,0.8972,baseline,0,4.22,1.624,0.0
0.86-0.90,0.8972,residual_rl,0,4.355,1.769,0.235
0.86-0.90,0.8688,baseline,1,1.344,0.818,0.0
0.86-0.90,0.8688,residual_rl,1,1.165,0.45,0.238
0.86-0.90,0.8986,baseline,0,5.732,2.152,0.0
0.86-0.90,0.8986,residual_rl,0,3.555,1.251,0.252
0.86-0.90,0.8973,baseline,1,1.591,0.72,0.0
0.86-0.90,0.8973,residual_rl,1,1.077,0.643,0.248
0.86-0.90,0.8812,baseline,0,3.88,1.61,0.0
0.86-0.90,0.8812,residual_rl,0,3.511,1.262,0.228
0.86-0.90,0.8932,baseline,0,3.636,1.313,0.0
0.86-0.90,0.8932,residual_rl,0,3.692,1.105,0.259
0.86-0.90,0.8624,baseline,0,34.458,17.603,0.0
0.86-0.90,0.8624,residual_rl,0,31.856,18.194,0.316
0.86-0.90,0.8721,baseline,1,0.583,0.417,0.0
0.86-0.90,0.8721,residual_rl,1,1.188,0.383,0.225
0.86-0.90,0.8632,baseline,0,41.033,14.835,0.0
0.86-0.90,0.8632,residual_rl,0,46.046,14.421,0.313
0.86-0.90,0.8984,baseline,0,5.631,0.962,0.0
0.86-0.90,0.8984,residual_rl,0,5.214,0.712,0.237
0.86-0.90,0.8767,baseline,1,1.226,1.105,0.0
0.86-0.90,0.8767,residual_rl,1,0.894,0.59,0.237
0.86-0.90,0.8966,baseline,1,1.771,0.713,0.0
0.86-0.90,0.8966,residual_rl,1,2.118,0.454,0.24
0.86-0.90,0.8668,baseline,0,3.745,1.309,0.0
0.86-0.90,0.8668,residual_rl,1,1.968,0.834,0.243
0.86-0.90,0.8832,baseline,1,0.539,0.552,0.0
0.86-0.90,0.8832,residual_rl,1,0.344,0.523,0.219
0.86-0.90,0.8956,baseline,0,6.033,1.823,0.0
0.86-0.90,0.8956,residual_rl,0,6.11,2.216,0.251
0.86-0.90,0.8662,baseline,1,0.552,1.264,0.0
0.86-0.90,0.8662,residual_rl,1,0.453,1.202,0.223
0.86-0.90,0.8746,baseline,0,27.222,2.527,0.0
0.86-0.90,0.8746,residual_rl,0,27.99,2.056,0.276
0.86-0.90,0.8681,baseline,0,5.584,1.747,0.0
0.86-0.90,0.8681,residual_rl,0,4.658,1.638,0.244
0.86-0.90,0.8751,baseline,1,0.81,0.256,0.0
0.86-0.90,0.8751,residual_rl,1,0.062,0.396,0.222
0.86-0.90,0.879,baseline,0,19.744,1.115,0.0
0.86-0.90,0.879,residual_rl,0,20.907,0.845,0.267
0.86-0.90,0.8657,baseline,1,0.302,0.436,0.0
0.86-0.90,0.8657,residual_rl,1,0.563,0.535,0.231
0.86-0.90,0.8756,baseline,1,0.559,0.367,0.0
0.86-0.90,0.8756,residual_rl,1,0.585,0.436,0.226
0.86-0.90,0.8989,baseline,1,2.22,0.654,0.0
0.86-0.90,0.8989,residual_rl,1,1.965,0.987,0.242
0.86-0.90,0.8959,baseline,1,0.698,0.402,0.0
0.86-0.90,0.8959,residual_rl,1,0.661,0.549,0.233
0.86-0.90,0.894,baseline,0,4.629,1.612,0.0
0.86-0.90,0.894,residual_rl,0,4.206,1.519,0.238
0.86-0.90,0.8915,baseline,0,3.954,1.026,0.0
0.86-0.90,0.8915,residual_rl,0,5.425,2.468,0.248
0.86-0.90,0.8704,baseline,1,1.233,0.721,0.0
0.86-0.90,0.8704,residual_rl,1,0.57,0.921,0.235
0.86-0.90,0.887,baseline,1,2.02,0.684,0.0
0.86-0.90,0.887,residual_rl,1,1.324,0.852,0.249
0.86-0.90,0.8705,baseline,0,3.659,1.802,0.0
0.86-0.90,0.8705,residual_rl,0,3.283,1.049,0.25
0.86-0.90,0.8924,baseline,0,3.387,0.726,0.0
0.86-0.90,0.8924,residual_rl,1,2.022,0.697,0.233
0.86-0.90,0.8787,baseline,0,3.851,1.394,0.0
0.86-0.90,0.8787,residual_rl,0,3.023,0.927,0.241
0.86-0.90,0.8702,baseline,1,2.876,0.705,0.0
0.86-0.90,0.8702,residual_rl,1,2.459,0.54,0.247
0.86-0.90,0.8954,baseline,0,15.468,2.194,0.0
0.86-0.90,0.8954,residual_rl,0,21.769,1.378,0.285
0.86-0.90,0.88,baseline,0,3.339,0.69,0.0
0.86-0.90,0.88,residual_rl,1,2.348,0.725,0.25
0.86-0.90,0.8911,baseline,1,1.869,0.588,0.0
0.86-0.90,0.8911,residual_rl,1,0.619,0.507,0.222
0.86-0.90,0.8648,baseline,0,47.007,12.927,0.0
0.86-0.90,0.8648,residual_rl,0,52.838,11.988,0.309
0.86-0.90,0.8875,baseline,0,8.192,3.088,0.0
0.86-0.90,0.8875,residual_rl,0,5.122,1.707,0.279
0.86-0.90,0.8699,baseline,0,29.569,0.486,0.0
0.86-0.90,0.8699,residual_rl,0,32.785,0.446,0.292
0.86-0.90,0.8909,baseline,1,0.99,0.619,0.0
0.86-0.90,0.8909,residual_rl,1,0.563,0.476,0.234
0.86-0.90,0.8923,baseline,0,53.695,11.164,0.0
0.86-0.90,0.8923,residual_rl,0,57.986,10.833,0.305
0.86-0.90,0.8734,baseline,1,0.32,0.304,0.0
0.86-0.90,0.8734,residual_rl,1,0.611,0.439,0.234
0.86-0.90,0.8608,baseline,0,6.344,2.145,0.0
0.86-0.90,0.8608,residual_rl,0,5.636,2.05,0.24
0.86-0.90,0.8762,baseline,1,1.898,0.659,0.0
0.86-0.90,0.8762,residual_rl,1,0.952,1.103,0.256
0.86-0.90,0.8762,baseline,0,5.481,1.806,0.0
0.86-0.90,0.8762,residual_rl,0,5.81,1.842,0.248
0.86-0.90,0.872,baseline,0,3.959,1.334,0.0
0.86-0.90,0.872,residual_rl,0,3.293,1.266,0.259
0.86-0.90,0.8712,baseline,0,4.806,1.521,0.0
0.86-0.90,0.8712,residual_rl,0,4.983,1.544,0.28
0.86-0.90,0.8898,baseline,0,29.371,1.177,0.0
0.86-0.90,0.8898,residual_rl,0,30.596,0.695,0.28
0.86-0.90,0.8628,baseline,0,36.841,1.577,0.0
0.86-0.90,0.8628,residual_rl,0,39.886,2.022,0.288
0.86-0.90,0.8809,baseline,1,0.508,0.327,0.0
0.86-0.90,0.8809,residual_rl,1,0.724,0.541,0.219
0.86-0.90,0.8896,baseline,0,55.751,10.261,0.0
0.86-0.90,0.8896,residual_rl,0,54.485,10.632,0.314
0.86-0.90,0.8684,baseline,0,46.324,13.057,0.0
0.86-0.90,0.8684,residual_rl,0,48.11,13.125,0.306
0.86-0.90,0.8778,baseline,1,1.96,0.271,0.0
0.86-0.90,0.8778,residual_rl,1,2.121,0.376,0.237
0.86-0.90,0.8962,baseline,0,4.427,1.424,0.0
0.86-0.90,0.8962,residual_rl,0,3.254,1.075,0.252
0.86-0.90,0.8904,baseline,1,2.673,1.368,0.0
0.86-0.90,0.8904,residual_rl,1,1.171,0.826,0.231
0.86-0.90,0.8681,baseline,0,38.868,4.565,0.0
0.86-0.90,0.8681,residual_rl,0,38.078,5.367,0.285
0.86-0.90,0.8819,baseline,0,5.329,1.71,0.0
0.86-0.90,0.8819,residual_rl,0,3.308,1.171,0.244
0.86-0.90,0.8667,baseline,0,6.654,0.579,0.0
0.86-0.90,0.8667,residual_rl,0,6.466,1.033,0.237
0.86-0.90,0.8949,baseline,1,0.531,0.442,0.0
0.86-0.90,0.8949,residual_rl,1,0.429,0.308,0.224
0.86-0.90,0.8956,baseline,1,2.624,1.03,0.0
0.86-0.90,0.8956,residual_rl,1,2.682,1.417,0.23
0.86-0.90,0.8657,baseline,0,31.858,2.642,0.0
0.86-0.90,0.8657,residual_rl,0,33.423,2.134,0.306
0.86-0.90,0.8957,baseline,1,1.679,0.253,0.0
0.86-0.90,0.8957,residual_rl,1,0.32,0.658,0.237
0.86-0.90,0.8731,baseline,1,2.224,0.817,0.0
0.86-0.90,0.8731,residual_rl,1,1.883,0.804,0.243
0.86-0.90,0.8712,baseline,0,6.419,2.561,0.0
0.86-0.90,0.8712,residual_rl,0,13.414,2.923,0.264
0.86-0.90,0.8874,baseline,0,42.999,4.002,0.0
0.86-0.90,0.8874,residual_rl,0,45.849,3.802,0.284
0.86-0.90,0.8703,baseline,0,52.723,6.842,0.0
0.86-0.90,0.8703,residual_rl,0,51.622,7.29,0.307
0.82-0.86,0.8526,baseline,1,1.137,1.601,0.0
0.82-0.86,0.8526,residual_rl,1,0.859,0.768,0.227
0.82-0.86,0.8301,baseline,1,2.452,2.348,0.0
0.82-0.86,0.8301,residual_rl,1,1.964,1.385,0.242
0.82-0.86,0.8274,baseline,1,0.997,2.419,0.0
0.82-0.86,0.8274,residual_rl,1,0.974,1.831,0.212
0.82-0.86,0.8287,baseline,1,0.606,2.436,0.0
0.82-0.86,0.8287,residual_rl,1,0.538,1.917,0.221
0.82-0.86,0.8207,baseline,1,1.657,2.282,0.0
0.82-0.86,0.8207,residual_rl,0,1.129,2.566,0.216
0.82-0.86,0.8554,baseline,0,4.524,0.616,0.0
0.82-0.86,0.8554,residual_rl,0,5.554,0.554,0.25
0.82-0.86,0.8578,baseline,1,0.562,0.593,0.0
0.82-0.86,0.8578,residual_rl,1,0.203,0.76,0.227
0.82-0.86,0.8277,baseline,1,0.191,2.023,0.0
0.82-0.86,0.8277,residual_rl,1,0.297,2.14,0.222
0.82-0.86,0.8483,baseline,0,4.457,2.129,0.0
0.82-0.86,0.8483,residual_rl,0,3.35,1.055,0.259
0.82-0.86,0.8533,baseline,0,25.962,20.353,0.0
0.82-0.86,0.8533,residual_rl,0,31.441,20.0,0.309
0.82-0.86,0.8411,baseline,0,9.545,19.656,0.0
0.82-0.86,0.8411,residual_rl,0,12.239,19.079,0.295
0.82-0.86,0.8528,baseline,1,1.284,1.456,0.0
0.82-0.86,0.8528,residual_rl,1,1.187,2.063,0.231
0.82-0.86,0.8513,baseline,1,1.666,0.661,0.0
0.82-0.86,0.8513,residual_rl,1,2.192,1.581,0.228
0.82-0.86,0.842,baseline,0,13.285,3.72,0.0
0.82-0.86,0.842,residual_rl,0,14.055,3.543,0.289
0.82-0.86,0.8313,baseline,0,4.364,2.019,0.0
0.82-0.86,0.8313,residual_rl,0,3.622,1.561,0.266
0.82-0.86,0.8536,baseline,1,0.178,1.01,0.0
0.82-0.86,0.8536,residual_rl,1,0.491,0.483,0.223
0.82-0.86,0.8402,baseline,0,41.894,17.666,0.0
0.82-0.86,0.8402,residual_rl,0,43.914,17.145,0.296
0.82-0.86,0.832,baseline,0,3.64,2.279,0.0
0.82-0.86,0.832,residual_rl,0,3.106,2.142,0.246
0.82-0.86,0.8366,baseline,0,4.662,2.349,0.0
0.82-0.86,0.8366,residual_rl,0,3.829,1.452,0.253
0.82-0.86,0.8551,baseline,0,5.649,1.979,0.0
0.82-0.86,0.8551,residual_rl,0,4.726,2.15,0.265
0.82-0.86,0.83,baseline,0,31.626,15.235,0.0
0.82-0.86,0.83,residual_rl,0,31.488,15.174,0.295
0.82-0.86,0.8582,baseline,0,48.308,10.123,0.0
0.82-0.86,0.8582,residual_rl,0,49.749,10.315,0.308
0.82-0.86,0.822,baseline,0,47.403,14.252,0.0
0.82-0.86,0.822,residual_rl,0,49.427,13.93,0.303
0.82-0.86,0.8471,baseline,0,47.15,9.582,0.0
0.82-0.86,0.8471,residual_rl,0,47.314,9.571,0.298
0.82-0.86,0.8361,baseline,0,4.721,2.104,0.0
0.82-0.86,0.8361,residual_rl,0,4.695,2.186,0.253
0.82-0.86,0.8366,baseline,0,2.813,2.598,0.0
0.82-0.86,0.8366,residual_rl,1,2.517,1.379,0.247
0.82-0.86,0.8281,baseline,0,36.446,2.398,0.0
0.82-0.86,0.8281,residual_rl,0,35.285,3.011,0.282
0.82-0.86,0.8236,baseline,0,1.707,3.128,0.0
0.82-0.86,0.8236,residual_rl,1,1.645,2.145,0.244
0.82-0.86,0.8569,baseline,1,1.64,1.676,0.0
0.82-0.86,0.8569,residual_rl,1,1.542,0.64,0.238
0.82-0.86,0.8411,baseline,1,0.606,1.465,0.0
0.82-0.86,0.8411,residual_rl,1,0.493,0.925,0.214
0.82-0.86,0.8331,baseline,0,3.109,2.59,0.0
0.82-0.86,0.8331,residual_rl,1,2.721,2.333,0.249
0.82-0.86,0.8303,baseline,1,0.841,2.384,0.0
0.82-0.86,0.8303,residual_rl,1,0.454,1.536,0.234
0.82-0.86,0.8281,baseline,0,0.18,3.005,0.0
0.82-0.86,0.8281,residual_rl,1,0.807,2.225,0.229
0.82-0.86,0.8446,baseline,0,21.062,19.187,0.0
0.82-0.86,0.8446,residual_rl,0,17.936,19.122,0.289
0.82-0.86,0.8222,baseline,1,1.439,1.444,0.0
0.82-0.86,0.8222,residual_rl,1,0.805,1.971,0.236
0.82-0.86,0.8572,baseline,0,6.965,2.289,0.0
0.82-0.86,0.8572,residual_rl,0,4.688,1.701,0.237
0.82-0.86,0.8288,baseline,1,1.544,2.307,0.0
0.82-0.86,0.8288,residual_rl,1,1.484,0.39,0.238
0.82-0.86,0.8586,baseline,0,9.476,3.117,0.0
0.82-0.86,0.8586,residual_rl,0,8.933,3.095,0.255
0.82-0.86,0.8573,baseline,1,2.41,1.381,0.0
0.82-0.86,0.8573,residual_rl,1,1.573,1.496,0.255
0.82-0.86,0.8412,baseline,0,4.5,1.79,0.0
0.82-0.86,0.8412,residual_rl,0,4.126,1.586,0.227
0.82-0.86,0.8532,baseline,0,6.626,2.387,0.0
0.82-0.86,0.8532,residual_rl,0,8.306,3.216,0.273
0.82-0.86,0.8224,baseline,0,21.843,20.16,0.0
0.82-0.86,0.8224,residual_rl,0,21.123,19.983,0.308
0.82-0.86,0.8321,baseline,1,0.659,2.219,0.0
0.82-0.86,0.8321,residual_rl,1,0.432,2.166,0.218
0.82-0.86,0.8232,baseline,0,31.704,17.512,0.0
0.82-0.86,0.8232,residual_rl,0,32.362,17.216,0.311
0.82-0.86,0.8584,baseline,0,4.524,1.104,0.0
0.82-0.86,0.8584,residual_rl,0,4.649,0.536,0.239
0.82-0.86,0.8367,baseline,1,0.988,2.24,0.0
0.82-0.86,0.8367,residual_rl,1,1.003,0.756,0.235
0.82-0.86,0.8566,baseline,1,2.212,1.176,0.0
0.82-0.86,0.8566,residual_rl,1,1.173,1.582,0.24
0.82-0.86,0.8268,baseline,0,3.35,2.617,0.0
0.82-0.86,0.8268,residual_rl,1,2.878,1.547,0.242
0.82-0.86,0.8432,baseline,1,0.492,1.667,0.0
0.82-0.86,0.8432,residual_rl,1,0.211,1.831,0.212
0.82-0.86,0.8556,baseline,0,19.685,2.14,0.0
0.82-0.86,0.8556,residual_rl,0,20.079,1.914,0.259
0.82-0.86,0.8262,baseline,0,0.161,2.72,0.0
0.82-0.86,0.8262,residual_rl,0,0.088,3.011,0.218
0.82-0.86,0.8346,baseline,0,31.647,6.165,0.0
0.82-0.86,0.8346,residual_rl,0,30.493,6.063,0.284
0.82-0.86,0.8281,baseline,0,6.37,1.794,0.0
0.82-0.86,0.8281,residual_rl,0,5.821,2.495,0.245
0.82-0.86,0.8351,baseline,1,0.525,1.671,0.0
0.82-0.86,0.8351,residual_rl,1,0.203,2.143,0.219
0.82-0.86,0.839,baseline,0,27.533,3.092,0.0
0.82-0.86,0.839,residual_rl,0,28.65,3.581,0.282
0.82-0.86,0.8257,baseline,1,0.425,2.006,0.0
0.82-0.86,0.8257,residual_rl,1,0.586,0.931,0.229
0.82-0.86,0.8356,baseline,1,0.456,2.43,0.0
0.82-0.86,0.8356,residual_rl,1,0.428,2.332,0.223
0.82-0.86,0.8589,baseline,1,2.679,0.641,0.0
0.82-0.86,0.8589,residual_rl,1,1.88,0.953,0.242
0.82-0.86,0.8559,baseline,1,0.516,0.862,0.0
0.82-0.86,0.8559,residual_rl,1,0.429,0.917,0.232
0.82-0.86,0.854,baseline,0,6.139,1.908,0.0
0.82-0.86,0.854,residual_rl,0,5.73,2.094,0.243
0.82-0.86,0.8515,baseline,0,6.128,3.037,0.0
0.82-0.86,0.8515,residual_rl,0,6.221,2.239,0.253
0.82-0.86,0.8304,baseline,1,2.345,1.87,0.0
0.82-0.86,0.8304,residual_rl,1,0.182,2.213,0.234
0.82-0.86,0.847,baseline,1,2.605,1.752,0.0
0.82-0.86,0.847,residual_rl,1,1.586,1.384,0.245
0.82-0.86,0.8305,baseline,0,4.996,3.82,0.0
0.82-0.86,0.8305,residual_rl,0,5.283,2.804,0.254
0.82-0.86,0.8524,baseline,0,3.136,2.149,0.0
0.82-0.86,0.8524,residual_rl,1,2.578,1.622,0.234
0.82-0.86,0.8387,baseline,0,3.395,1.7,0.0
0.82-0.86,0.8387,residual_rl,1,2.258,1.94,0.245
0.82-0.86,0.8302,baseline,0,4.72,2.821,0.0
0.82-0.86,0.8302,residual_rl,0,4.124,2.109,0.252
0.82-0.86,0.8554,baseline,0,29.737,2.01,0.0
0.82-0.86,0.8554,residual_rl,0,30.476,2.347,0.306
0.82-0.86,0.84,baseline,0,4.362,2.508,0.0
0.82-0.86,0.84,residual_rl,0,3.393,1.875,0.257
0.82-0.86,0.8511,baseline,1,0.86,1.264,0.0
0.82-0.86,0.8511,residual_rl,1,0.68,1.251,0.223
0.82-0.86,0.8248,baseline,0,41.333,15.241,0.0
0.82-0.86,0.8248,residual_rl,0,39.006,15.028,0.304
0.82-0.86,0.8475,baseline,0,12.027,4.031,0.0
0.82-0.86,0.8475,residual_rl,0,10.182,3.859,0.285
0.82-0.86,0.8299,baseline,0,39.852,4.769,0.0
0.82-0.86,0.8299,residual_rl,0,41.99,4.287,0.3
0.82-0.86,0.8509,baseline,1,0.646,0.27,0.0
0.82-0.86,0.8509,residual_rl,1,1.356,1.938,0.241
0.82-0.86,0.8523,baseline,0,43.557,14.42,0.0
0.82-0.86,0.8523,residual_rl,0,44.845,14.375,0.301
0.82-0.86,0.8334,baseline,1,0.369,1.757,0.0
0.82-0.86,0.8334,residual_rl,1,0.311,0.883,0.232
0.82-0.86,0.8208,baseline,0,6.03,3.172,0.0
0.82-0.86,0.8208,residual_rl,0,5.59,2.881,0.243
0.82-0.86,0.8362,baseline,1,2.207,2.364,0.0
0.82-0.86,0.8362,residual_rl,1,1.502,1.153,0.256
0.82-0.86,0.8362,baseline,0,7.501,2.689,0.0
0.82-0.86,0.8362,residual_rl,0,7.186,2.39,0.248
0.82-0.86,0.832,baseline,0,4.821,2.296,0.0
0.82-0.86,0.832,residual_rl,0,3.542,1.343,0.257
0.82-0.86,0.8312,baseline,0,11.844,4.114,0.0
0.82-0.86,0.8312,residual_rl,0,11.571,3.654,0.288
0.82-0.86,0.8498,baseline,0,36.87,3.704,0.0
0.82-0.86,0.8498,residual_rl,0,38.609,3.49,0.288
0.82-0.86,0.8228,baseline,0,45.368,6.008,0.0
0.82-0.86,0.8228,residual_rl,0,44.746,5.867,0.293
0.82-0.86,0.8409,baseline,1,0.709,1.605,0.0
0.82-0.86,0.8409,residual_rl,1,0.238,1.236,0.212
0.82-0.86,0.8496,baseline,0,41.402,13.497,0.0
0.82-0.86,0.8496,residual_rl,0,42.771,13.69,0.314
0.82-0.86,0.8284,baseline,0,29.773,16.276,0.0
0.82-0.86,0.8284,residual_rl,0,28.885,16.957,0.301
0.82-0.86,0.8378,baseline,1,0.919,1.625,0.0
0.82-0.86,0.8378,residual_rl,1,0.791,1.621,0.233
0.82-0.86,0.8562,baseline,0,4.228,1.664,0.0
0.82-0.86,0.8562,residual_rl,0,3.987,0.753,0.257
0.82-0.86,0.8504,baseline,1,2.561,1.203,0.0
0.82-0.86,0.8504,residual_rl,1,2.271,0.69,0.239
0.82-0.86,0.8281,baseline,0,39.212,8.56,0.0
0.82-0.86,0.8281,residual_rl,0,39.849,8.164,0.288
0.82-0.86,0.8419,baseline,0,4.859,2.444,0.0
0.82-0.86,0.8419,residual_rl,0,4.745,1.799,0.243
0.82-0.86,0.8267,baseline,0,5.592,3.223,0.0
0.82-0.86,0.8267,residual_rl,0,5.955,2.897,0.238
0.82-0.86,0.8549,baseline,1,0.315,1.888,0.0
0.82-0.86,0.8549,residual_rl,1,0.625,1.213,0.22
0.82-0.86,0.8556,baseline,0,3.69,2.412,0.0
0.82-0.86,0.8556,residual_rl,1,2.474,1.287,0.234
0.82-0.86,0.8257,baseline,0,37.689,6.405,0.0
0.82-0.86,0.8257,residual_rl,0,38.864,5.415,0.306
0.82-0.86,0.8557,baseline,1,0.713,0.95,0.0
0.82-0.86,0.8557,residual_rl,1,0.479,0.477,0.234
0.82-0.86,0.8331,baseline,1,2.865,2.045,0.0
0.82-0.86,0.8331,residual_rl,0,3.154,1.64,0.249
0.82-0.86,0.8312,baseline,0,21.314,2.684,0.0
0.82-0.86,0.8312,residual_rl,0,25.599,1.589,0.278
0.82-0.86,0.8474,baseline,0,45.394,7.468,0.0
0.82-0.86,0.8474,residual_rl,0,46.304,7.413,0.292
0.82-0.86,0.8303,baseline,0,52.673,9.622,0.0
0.82-0.86,0.8303,residual_rl,0,53.012,9.843,0.307
0.74-0.82,0.8052,baseline,0,1.006,3.875,0.0
0.74-0.82,0.8052,residual_rl,0,0.787,3.41,0.222
0.74-0.82,0.7603,baseline,0,1.557,7.452,0.0
0.74-0.82,0.7603,residual_rl,0,1.4,6.124,0.237
0.74-0.82,0.7548,baseline,0,0.966,21.773,0.0
0.74-0.82,0.7548,residual_rl,0,0.709,17.414,0.204
0.74-0.82,0.7575,baseline,0,0.331,8.794,0.0
0.74-0.82,0.7575,residual_rl,0,0.142,7.213,0.208
0.74-0.82,0.7414,baseline,0,1.908,11.627,0.0
0.74-0.82,0.7414,residual_rl,0,1.875,9.122,0.2
0.74-0.82,0.8107,baseline,0,4.853,3.143,0.0
0.74-0.82,0.8107,residual_rl,0,4.619,3.005,0.257
0.74-0.82,0.8156,baseline,1,0.982,2.238,0.0
0.74-0.82,0.8156,residual_rl,0,0.087,2.706,0.222
0.74-0.82,0.7554,baseline,0,0.792,8.965,0.0
0.74-0.82,0.7554,residual_rl,0,0.089,7.849,0.211
0.74-0.82,0.7966,baseline,0,4.094,4.227,0.0
0.74-0.82,0.7966,residual_rl,0,3.011,3.684,0.254
0.74-0.82,0.8066,baseline,0,3.858,23.313,0.0
0.74-0.82,0.8066,residual_rl,0,10.146,22.446,0.303
0.74-0.82,0.7821,baseline,0,18.409,23.61,0.0
0.74-0.82,0.7821,residual_rl,0,17.31,23.38,0.289
0.74-0.82,0.8055,baseline,0,0.36,3.253,0.0
0.74-0.82,0.8055,residual_rl,1,0.325,2.439,0.231
0.74-0.82,0.8026,baseline,0,1.59,4.227,0.0
0.74-0.82,0.8026,residual_rl,0,1.099,3.439,0.224
0.74-0.82,0.784,baseline,0,32.865,5.582,0.0
0.74-0.82,0.784,residual_rl,0,35.21,5.041,0.298
0.74-0.82,0.7625,baseline,0,22.871,8.263,0.0
0.74-0.82,0.7625,residual_rl,0,22.63,7.389,0.281
0.74-0.82,0.8072,baseline,0,0.399,3.054,0.0
0.74-0.82,0.8072,residual_rl,1,0.083,2.406,0.216
0.74-0.82,0.7803,baseline,0,18.442,21.624,0.0
0.74-0.82,0.7803,residual_rl,0,22.651,21.142,0.289
0.74-0.82,0.764,baseline,0,3.505,7.468,0.0
0.74-0.82,0.764,residual_rl,0,3.045,5.916,0.251
0.74-0.82,0.7733,baseline,0,5.919,6.585,0.0
0.74-0.82,0.7733,residual_rl,0,5.753,6.005,0.259
0.74-0.82,0.8102,baseline,0,20.717,3.63,0.0
0.74-0.82,0.8102,residual_rl,0,20.222,2.253,0.274
0.74-0.82,0.7599,baseline,0,7.051,21.188,0.0
0.74-0.82,0.7599,residual_rl,0,8.505,21.022,0.285
0.74-0.82,0.8164,baseline,0,43.606,12.974,0.0
0.74-0.82,0.8164,residual_rl,0,42.75,13.698,0.305
0.74-0.82,0.744,baseline,0,13.044,23.881,0.0
0.74-0.82,0.744,residual_rl,0,17.119,23.177,0.289
0.74-0.82,0.7941,baseline,0,39.01,14.973,0.0
0.74-0.82,0.7941,residual_rl,0,39.952,14.521,0.294
0.74-0.82,0.7721,baseline,0,4.691,5.831,0.0
0.74-0.82,0.7721,residual_rl,0,3.883,5.194,0.249
0.74-0.82,0.7731,baseline,0,4.003,5.751,0.0
0.74-0.82,0.7731,residual_rl,0,2.909,5.033,0.246
0.74-0.82,0.7563,baseline,0,41.16,12.943,0.0
0.74-0.82,0.7563,residual_rl,0,42.518,12.492,0.286
0.74-0.82,0.7471,baseline,0,2.527,9.682,0.0
0.74-0.82,0.7471,residual_rl,0,1.953,8.16,0.243
0.74-0.82,0.8138,baseline,0,2.041,3.107,0.0
0.74-0.82,0.8138,residual_rl,0,1.903,2.541,0.237
0.74-0.82,0.7822,baseline,0,0.516,5.464,0.0
0.74-0.82,0.7822,residual_rl,0,0.86,4.04,0.205
0.74-0.82,0.7663,baseline,0,3.105,6.92,0.0
0.74-0.82,0.7663,residual_rl,0,2.714,6.097,0.25
0.74-0.82,0.7605,baseline,0,0.26,7.429,0.0
0.74-0.82,0.7605,residual_rl,0,0.361,7.181,0.225
0.74-0.82,0.7563,baseline,0,0.646,8.191,0.0
0.74-0.82,0.7563,residual_rl,0,0.69,7.318,0.222
0.74-0.82,0.7892,baseline,0,8.12,22.863,0.0
0.74-0.82,0.7892,residual_rl,0,6.991,23.007,0.288
0.74-0.82,0.7444,baseline,0,1.248,9.526,0.0
0.74-0.82,0.7444,residual_rl,0,1.129,8.656,0.226
0.74-0.82,0.8144,baseline,0,5.98,2.905,0.0
0.74-0.82,0.8144,residual_rl,0,4.55,2.475,0.234
0.74-0.82,0.7575,baseline,0,1.06,7.923,0.0
0.74-0.82,0.7575,residual_rl,0,0.926,6.517,0.226
0.74-0.82,0.8173,baseline,0,24.37,2.873,0.0
0.74-0.82,0.8173,residual_rl,0,24.909,2.825,0.273
0.74-0.82,0.8146,baseline,0,2.225,3.192,0.0
0.74-0.82,0.8146,residual_rl,1,1.398,2.479,0.253
0.74-0.82,0.7823,baseline,0,2.783,4.93,0.0
0.74-0.82,0.7823,residual_rl,0,3.063,4.381,0.224
0.74-0.82,0.8065,baseline,0,22.156,3.383,0.0
0.74-0.82,0.8065,residual_rl,0,21.911,3.048,0.281
0.74-0.82,0.7449,baseline,0,22.847,26.958,0.0
0.74-0.82,0.7449,residual_rl,0,20.577,26.278,0.296
0.74-0.82,0.7642,baseline,0,0.595,7.682,0.0
0.74-0.82,0.7642,residual_rl,0,1.451,6.442,0.209
0.74-0.82,0.7464,baseline,0,2.327,24.593,0.0
0.74-0.82,0.7464,residual_rl,0,1.089,23.927,0.3
0.74-0.82,0.8169,baseline,0,5.227,3.613,0.0
0.74-0.82,0.8169,residual_rl,0,4.817,2.518,0.25
0.74-0.82,0.7734,baseline,0,0.897,6.361,0.0
0.74-0.82,0.7734,residual_rl,0,0.591,5.253,0.227
0.74-0.82,0.8132,baseline,0,3.102,2.51,0.0
0.74-0.82,0.8132,residual_rl,1,1.768,2.308,0.238
0.74-0.82,0.7536,baseline,0,3.105,8.639,0.0
0.74-0.82,0.7536,residual_rl,0,2.983,7.631,0.236
0.74-0.82,0.7863,baseline,0,0.263,4.722,0.0
0.74-0.82,0.7863,residual_rl,0,0.396,3.772,0.204
0.74-0.82,0.8111,baseline,0,34.612,3.879,0.0
0.74-0.82,0.8111,residual_rl,0,34.279,5.137,0.27
0.74-0.82,0.7525,baseline,0,0.399,9.213,0.0
0.74-0.82,0.7525,residual_rl,0,0.42,7.915,0.208
0.74-0.82,0.7691,baseline,0,26.244,13.378,0.0
0.74-0.82,0.7691,residual_rl,0,26.221,13.196,0.277
0.74-0.82,0.7561,baseline,0,5.467,8.538,0.0
0.74-0.82,0.7561,residual_rl,0,5.434,7.272,0.25
0.74-0.82,0.7702,baseline,0,1.358,6.088,0.0
0.74-0.82,0.7702,residual_rl,0,0.527,5.084,0.211
0.74-0.82,0.778,baseline,0,30.08,9.855,0.0
0.74-0.82,0.778,residual_rl,0,30.799,9.441,0.281
0.74-0.82,0.7514,baseline,0,0.963,9.746,0.0
0.74-0.82,0.7514,residual_rl,0,0.808,8.736,0.219
0.74-0.82,0.7712,baseline,0,0.928,6.596,0.0
0.74-0.82,0.7712,residual_rl,0,0.761,5.402,0.215
0.74-0.82,0.8178,baseline,0,2.905,3.003,0.0
0.74-0.82,0.8178,residual_rl,1,2.3,2.233,0.241
0.74-0.82,0.8117,baseline,0,0.748,2.983,0.0
0.74-0.82,0.8117,residual_rl,1,0.64,2.075,0.228
0.74-0.82,0.8081,baseline,0,6.605,3.42,0.0
0.74-0.82,0.8081,residual_rl,0,5.799,3.194,0.244
0.74-0.82,0.803,baseline,0,7.515,4.552,0.0
0.74-0.82,0.803,residual_rl,0,7.065,3.124,0.252
0.74-0.82,0.7608,baseline,0,2.821,6.877,0.0
0.74-0.82,0.7608,residual_rl,0,2.75,6.566,0.233
0.74-0.82,0.7939,baseline,0,1.601,4.218,0.0
0.74-0.82,0.7939,residual_rl,0,0.839,3.359,0.241
0.74-0.82,0.761,baseline,0,24.031,8.946,0.0
0.74-0.82,0.761,residual_rl,0,24.315,7.943,0.263
0.74-0.82,0.8048,baseline,0,2.276,3.67,0.0
0.74-0.82,0.8048,residual_rl,0,2.689,3.018,0.238
0.74-0.82,0.7775,baseline,0,2.762,5.767,0.0
0.74-0.82,0.7775,residual_rl,0,2.579,5.397,0.248
0.74-0.82,0.7605,baseline,0,21.708,7.695,0.0
0.74-0.82,0.7605,residual_rl,0,21.187,6.633,0.27
0.74-0.82,0.8109,baseline,0,35.238,6.847,0.0
0.74-0.82,0.8109,residual_rl,0,35.908,6.859,0.304
0.74-0.82,0.7801,baseline,0,18.783,5.347,0.0
0.74-0.82,0.7801,residual_rl,0,19.098,4.421,0.275
0.74-0.82,0.8021,baseline,0,1.293,4.1,0.0
0.74-0.82,0.8021,residual_rl,0,0.668,2.509,0.222
0.74-0.82,0.7495,baseline,0,9.073,22.836,0.0
0.74-0.82,0.7495,residual_rl,0,9.395,22.277,0.291
0.74-0.82,0.795,baseline,0,19.549,4.409,0.0
0.74-0.82,0.795,residual_rl,0,20.849,3.836,0.286
0.74-0.82,0.7598,baseline,0,41.917,13.994,0.0
0.74-0.82,0.7598,residual_rl,0,43.151,13.655,0.295
0.74-0.82,0.8019,baseline,0,1.93,2.846,0.0
0.74-0.82,0.8019,residual_rl,0,0.329,2.646,0.244
0.74-0.82,0.8046,baseline,0,30.617,17.912,0.0
0.74-0.82,0.8046,residual_rl,0,32.816,17.762,0.294
0.74-0.82,0.7668,baseline,0,1.086,6.669,0.0
0.74-0.82,0.7668,residual_rl,0,0.322,6.087,0.226
0.74-0.82,0.7416,baseline,0,4.214,12.032,0.0
0.74-0.82,0.7416,residual_rl,0,4.843,9.813,0.246
0.74-0.82,0.7724,baseline,0,1.408,5.806,0.0
0.74-0.82,0.7724,residual_rl,0,1.089,5.158,0.246
0.74-0.82,0.7724,baseline,0,8.469,5.547,0.0
0.74-0.82,0.7724,residual_rl,0,8.455,4.891,0.251
0.74-0.82,0.7641,baseline,0,4.619,7.292,0.0
0.74-0.82,0.7641,residual_rl,0,4.031,6.649,0.252
0.74-0.82,0.7624,baseline,0,36.835,8.49,0.0
0.74-0.82,0.7624,residual_rl,0,37.354,7.48,0.295
0.74-0.82,0.7996,baseline,0,42.334,8.247,0.0
0.74-0.82,0.7996,residual_rl,0,44.019,8.089,0.295
0.74-0.82,0.7456,baseline,0,40.723,17.407,0.0
0.74-0.82,0.7456,residual_rl,0,41.966,16.635,0.29
0.74-0.82,0.7819,baseline,0,0.168,5.22,0.0
0.74-0.82,0.7819,residual_rl,0,0.472,4.445,0.201
0.74-0.82,0.7992,baseline,0,30.937,17.104,0.0
0.74-0.82,0.7992,residual_rl,0,29.912,16.824,0.307
0.74-0.82,0.7568,baseline,0,8.884,23.176,0.0
0.74-0.82,0.7568,residual_rl,0,5.835,22.886,0.29
0.74-0.82,0.7756,baseline,0,0.444,5.729,0.0
0.74-0.82,0.7756,residual_rl,0,0.407,5.043,0.225
0.74-0.82,0.8124,baseline,0,3.895,3.224,0.0
0.74-0.82,0.8124,residual_rl,0,3.584,2.394,0.256
0.74-0.82,0.8007,baseline,0,1.89,3.54,0.0
0.74-0.82,0.8007,residual_rl,0,1.0,2.892,0.242
0.74-0.82,0.7563,baseline,0,27.943,16.65,0.0
0.74-0.82,0.7563,residual_rl,0,29.102,16.042,0.28
0.74-0.82,0.7839,baseline,0,6.565,4.989,0.0
0.74-0.82,0.7839,residual_rl,0,5.166,4.537,0.242
0.74-0.82,0.7534,baseline,0,9.995,9.851,0.0
0.74-0.82,0.7534,residual_rl,0,9.911,8.208,0.257
0.74-0.82,0.8098,baseline,0,0.424,3.291,0.0
0.74-0.82,0.8098,residual_rl,0,0.618,3.06,0.215
0.74-0.82,0.8112,baseline,0,3.095,3.639,0.0
0.74-0.82,0.8112,residual_rl,0,3.453,3.415,0.238
0.74-0.82,0.7514,baseline,0,35.366,15.126,0.0
0.74-0.82,0.7514,residual_rl,0,35.259,14.579,0.3
0.74-0.82,0.8115,baseline,0,0.685,3.272,0.0
0.74-0.82,0.8115,residual_rl,1,0.276,2.22,0.23
0.74-0.82,0.7662,baseline,0,20.644,7.157,0.0
0.74-0.82,0.7662,residual_rl,0,20.619,5.309,0.264
0.74-0.82,0.7624,baseline,0,31.689,9.99,0.0
0.74-0.82,0.7624,residual_rl,0,31.78,10.146,0.279
0.74-0.82,0.7949,baseline,0,44.61,12.023,0.0
0.74-0.82,0.7949,residual_rl,0,44.588,11.769,0.296
0.74-0.82,0.7605,baseline,0,41.934,17.411,0.0
0.74-0.82,0.7605,residual_rl,0,43.854,16.722,0.299
